"STATION","NAME","DATE","TAVG","TMAX","TMIN","TOBS"
"US10scot041","SCOTTSBLUFF 3.7 E, NE US","2024-04-19",,,,
"US10scot041","SCOTTSBLUFF 3.7 E, NE US","2024-04-20",,,,
"US10scot041","SCOTTSBLUFF 3.7 E, NE US","2024-04-21",,,,
"US10scot041","SCOTTSBLUFF 3.7 E, NE US","2024-04-22",,,,
"US10scot041","SCOTTSBLUFF 3.7 E, NE US","2024-04-23",,,,
"US10scot041","SCOTTSBLUFF 3.7 E, NE US","2024-04-24",,,,
"US10scot041","SCOTTSBLUFF 3.7 E, NE US","2024-04-25",,,,
"US10scot041","SCOTTSBLUFF 3.7 E, NE US","2024-04-26",,,,
"US10scot041","SCOTTSBLUFF 3.7 E, NE US","2024-04-29",,,,
"US10scot041","SCOTTSBLUFF 3.7 E, NE US","2024-04-30",,,,
"US10scot041","SCOTTSBLUFF 3.7 E, NE US","2024-05-01",,,,
"US10scot041","SCOTTSBLUFF 3.7 E, NE US","2024-05-02",,,,
"US10scot041","SCOTTSBLUFF 3.7 E, NE US","2024-05-09",,,,
"US10scot041","SCOTTSBLUFF 3.7 E, NE US","2024-05-10",,,,
"US10scot041","SCOTTSBLUFF 3.7 E, NE US","2024-05-11",,,,
"US10scot041","SCOTTSBLUFF 3.7 E, NE US","2024-05-12",,,,
"US10scot041","SCOTTSBLUFF 3.7 E, NE US","2024-05-13",,,,
"US10scot041","SCOTTSBLUFF 3.7 E, NE US","2024-05-14",,,,
"US10scot041","SCOTTSBLUFF 3.7 E, NE US","2024-05-15",,,,
"US10scot041","SCOTTSBLUFF 3.7 E, NE US","2024-05-16",,,,
"US10scot041","SCOTTSBLUFF 3.7 E, NE US","2024-05-17",,,,
"US10scot041","SCOTTSBLUFF 3.7 E, NE US","2024-05-21",,,,
"US10scot041","SCOTTSBLUFF 3.7 E, NE US","2024-05-22",,,,
"US10scot041","SCOTTSBLUFF 3.7 E, NE US","2024-05-23",,,,
"US10scot041","SCOTTSBLUFF 3.7 E, NE US","2024-05-24",,,,
"US10scot041","SCOTTSBLUFF 3.7 E, NE US","2024-05-25",,,,
"US10scot041","SCOTTSBLUFF 3.7 E, NE US","2024-05-28",,,,
"US10scot041","SCOTTSBLUFF 3.7 E, NE US","2024-05-29",,,,
"US10scot041","SCOTTSBLUFF 3.7 E, NE US","2024-05-30",,,,
"US10scot041","SCOTTSBLUFF 3.7 E, NE US","2024-06-01",,,,
"US10scot041","SCOTTSBLUFF 3.7 E, NE US","2024-06-02",,,,
"US10scot041","SCOTTSBLUFF 3.7 E, NE US","2024-06-03",,,,
"US10scot041","SCOTTSBLUFF 3.7 E, NE US","2024-06-04",,,,
"US10scot041","SCOTTSBLUFF 3.7 E, NE US","2024-06-05",,,,
"US10scot041","SCOTTSBLUFF 3.7 E, NE US","2024-06-06",,,,
"US10scot041","SCOTTSBLUFF 3.7 E, NE US","2024-06-07",,,,
"US10scot041","SCOTTSBLUFF 3.7 E, NE US","2024-06-10",,,,
"US10scot041","SCOTTSBLUFF 3.7 E, NE US","2024-06-11",,,,
"US10scot041","SCOTTSBLUFF 3.7 E, NE US","2024-06-12",,,,
"US10scot041","SCOTTSBLUFF 3.7 E, NE US","2024-06-13",,,,
"US10scot041","SCOTTSBLUFF 3.7 E, NE US","2024-06-17",,,,
"US10scot041","SCOTTSBLUFF 3.7 E, NE US","2024-06-18",,,,
"US10scot041","SCOTTSBLUFF 3.7 E, NE US","2024-06-19",,,,
"US10scot041","SCOTTSBLUFF 3.7 E, NE US","2024-06-20",,,,
"US10scot041","SCOTTSBLUFF 3.7 E, NE US","2024-06-23",,,,
"US10scot041","SCOTTSBLUFF 3.7 E, NE US","2024-06-24",,,,
"US10scot041","SCOTTSBLUFF 3.7 E, NE US","2024-06-25",,,,
"US10scot041","SCOTTSBLUFF 3.7 E, NE US","2024-06-26",,,,
"US10scot041","SCOTTSBLUFF 3.7 E, NE US","2024-06-27",,,,
"US10scot041","SCOTTSBLUFF 3.7 E, NE US","2024-06-28",,,,
"US10scot041","SCOTTSBLUFF 3.7 E, NE US","2024-06-29",,,,
"US10scot041","SCOTTSBLUFF 3.7 E, NE US","2024-07-01",,,,
"US10scot041","SCOTTSBLUFF 3.7 E, NE US","2024-07-02",,,,
"US10scot041","SCOTTSBLUFF 3.7 E, NE US","2024-07-03",,,,
"US10scot041","SCOTTSBLUFF 3.7 E, NE US","2024-07-04",,,,
"US10scot041","SCOTTSBLUFF 3.7 E, NE US","2024-07-05",,,,
"US10scot041","SCOTTSBLUFF 3.7 E, NE US","2024-07-06",,,,
"US10scot041","SCOTTSBLUFF 3.7 E, NE US","2024-07-07",,,,
"US10scot041","SCOTTSBLUFF 3.7 E, NE US","2024-07-08",,,,
"US10scot041","SCOTTSBLUFF 3.7 E, NE US","2024-07-09",,,,
"US10scot041","SCOTTSBLUFF 3.7 E, NE US","2024-07-10",,,,
"US10scot041","SCOTTSBLUFF 3.7 E, NE US","2024-07-11",,,,
"US10scot041","SCOTTSBLUFF 3.7 E, NE US","2024-07-12",,,,
"US10scot041","SCOTTSBLUFF 3.7 E, NE US","2024-07-13",,,,
"US10scot041","SCOTTSBLUFF 3.7 E, NE US","2024-07-14",,,,
"US10scot041","SCOTTSBLUFF 3.7 E, NE US","2024-07-15",,,,
"US10scot041","SCOTTSBLUFF 3.7 E, NE US","2024-07-16",,,,
"US10scot041","SCOTTSBLUFF 3.7 E, NE US","2024-07-17",,,,
"US10scot041","SCOTTSBLUFF 3.7 E, NE US","2024-07-18",,,,
"US10scot041","SCOTTSBLUFF 3.7 E, NE US","2024-07-19",,,,
"US10scot041","SCOTTSBLUFF 3.7 E, NE US","2024-07-22",,,,
"US10scot041","SCOTTSBLUFF 3.7 E, NE US","2024-07-23",,,,
"US10scot041","SCOTTSBLUFF 3.7 E, NE US","2024-07-24",,,,
"US10scot041","SCOTTSBLUFF 3.7 E, NE US","2024-07-25",,,,
"US10scot041","SCOTTSBLUFF 3.7 E, NE US","2024-07-26",,,,
"US10scot041","SCOTTSBLUFF 3.7 E, NE US","2024-07-27",,,,
"US10scot041","SCOTTSBLUFF 3.7 E, NE US","2024-07-28",,,,
"US10scot041","SCOTTSBLUFF 3.7 E, NE US","2024-07-29",,,,
"US10scot041","SCOTTSBLUFF 3.7 E, NE US","2024-07-30",,,,
"US10scot041","SCOTTSBLUFF 3.7 E, NE US","2024-07-31",,,,
"US10scot041","SCOTTSBLUFF 3.7 E, NE US","2024-08-01",,,,
"US10scot041","SCOTTSBLUFF 3.7 E, NE US","2024-08-02",,,,
"US10scot041","SCOTTSBLUFF 3.7 E, NE US","2024-08-03",,,,
"US10scot041","SCOTTSBLUFF 3.7 E, NE US","2024-08-05",,,,
"US10scot041","SCOTTSBLUFF 3.7 E, NE US","2024-08-06",,,,
"US10scot041","SCOTTSBLUFF 3.7 E, NE US","2024-08-07",,,,
"US10scot041","SCOTTSBLUFF 3.7 E, NE US","2024-08-08",,,,
"US10scot041","SCOTTSBLUFF 3.7 E, NE US","2024-08-12",,,,
"US10scot041","SCOTTSBLUFF 3.7 E, NE US","2024-08-13",,,,
"US10scot041","SCOTTSBLUFF 3.7 E, NE US","2024-08-14",,,,
"US10scot041","SCOTTSBLUFF 3.7 E, NE US","2024-08-15",,,,
"US10scot041","SCOTTSBLUFF 3.7 E, NE US","2024-08-16",,,,
"US10scot041","SCOTTSBLUFF 3.7 E, NE US","2024-08-17",,,,
"US10scot041","SCOTTSBLUFF 3.7 E, NE US","2024-08-18",,,,
"US10scot041","SCOTTSBLUFF 3.7 E, NE US","2024-08-19",,,,
"US10scot041","SCOTTSBLUFF 3.7 E, NE US","2024-08-20",,,,
"US10scot041","SCOTTSBLUFF 3.7 E, NE US","2024-08-22",,,,
"US10scot041","SCOTTSBLUFF 3.7 E, NE US","2024-08-26",,,,
"US10scot041","SCOTTSBLUFF 3.7 E, NE US","2024-08-27",,,,
"US10scot041","SCOTTSBLUFF 3.7 E, NE US","2024-08-28",,,,
"US10scot041","SCOTTSBLUFF 3.7 E, NE US","2024-08-29",,,,
"US10scot041","SCOTTSBLUFF 3.7 E, NE US","2024-08-30",,,,
"US10scot041","SCOTTSBLUFF 3.7 E, NE US","2024-08-31",,,,
"US10scot041","SCOTTSBLUFF 3.7 E, NE US","2024-09-01",,,,
"US10scot041","SCOTTSBLUFF 3.7 E, NE US","2024-09-02",,,,
"US10scot041","SCOTTSBLUFF 3.7 E, NE US","2024-09-03",,,,
"US10scot041","SCOTTSBLUFF 3.7 E, NE US","2024-09-04",,,,
"US10scot041","SCOTTSBLUFF 3.7 E, NE US","2024-09-05",,,,
"US10scot041","SCOTTSBLUFF 3.7 E, NE US","2024-09-06",,,,
"US10scot041","SCOTTSBLUFF 3.7 E, NE US","2024-09-07",,,,
"US10scot041","SCOTTSBLUFF 3.7 E, NE US","2024-09-08",,,,
"US10scot041","SCOTTSBLUFF 3.7 E, NE US","2024-09-09",,,,
"US10scot041","SCOTTSBLUFF 3.7 E, NE US","2024-09-10",,,,
"US10scot041","SCOTTSBLUFF 3.7 E, NE US","2024-09-12",,,,
"US10scot041","SCOTTSBLUFF 3.7 E, NE US","2024-09-13",,,,
"US10scot041","SCOTTSBLUFF 3.7 E, NE US","2024-09-14",,,,
"US10scot041","SCOTTSBLUFF 3.7 E, NE US","2024-09-15",,,,
"US10scot041","SCOTTSBLUFF 3.7 E, NE US","2024-09-16",,,,
"US10scot041","SCOTTSBLUFF 3.7 E, NE US","2024-09-17",,,,
"US10scot041","SCOTTSBLUFF 3.7 E, NE US","2024-09-18",,,,
"US10scot041","SCOTTSBLUFF 3.7 E, NE US","2024-09-19",,,,
"US10scot041","SCOTTSBLUFF 3.7 E, NE US","2024-09-20",,,,
"US10scot041","SCOTTSBLUFF 3.7 E, NE US","2024-09-21",,,,
"US10scot041","SCOTTSBLUFF 3.7 E, NE US","2024-09-22",,,,
"US10scot041","SCOTTSBLUFF 3.7 E, NE US","2024-09-23",,,,
"US10scot041","SCOTTSBLUFF 3.7 E, NE US","2024-09-24",,,,
"US10scot041","SCOTTSBLUFF 3.7 E, NE US","2024-09-25",,,,
"US10scot041","SCOTTSBLUFF 3.7 E, NE US","2024-09-26",,,,
"US10scot041","SCOTTSBLUFF 3.7 E, NE US","2024-09-27",,,,
"US10scot041","SCOTTSBLUFF 3.7 E, NE US","2024-09-28",,,,
"US10scot041","SCOTTSBLUFF 3.7 E, NE US","2024-09-29",,,,
"US10scot041","SCOTTSBLUFF 3.7 E, NE US","2024-10-01",,,,
"US10scot041","SCOTTSBLUFF 3.7 E, NE US","2024-10-02",,,,
"US10scot041","SCOTTSBLUFF 3.7 E, NE US","2024-10-03",,,,
"US10scot041","SCOTTSBLUFF 3.7 E, NE US","2024-10-04",,,,
"US10scot041","SCOTTSBLUFF 3.7 E, NE US","2024-10-05",,,,
"US10scot041","SCOTTSBLUFF 3.7 E, NE US","2024-10-06",,,,
"US10scot041","SCOTTSBLUFF 3.7 E, NE US","2024-10-07",,,,
"US10scot041","SCOTTSBLUFF 3.7 E, NE US","2024-10-08",,,,
"US10scot041","SCOTTSBLUFF 3.7 E, NE US","2024-10-09",,,,
"US10scot041","SCOTTSBLUFF 3.7 E, NE US","2024-10-10",,,,
"US10scot041","SCOTTSBLUFF 3.7 E, NE US","2024-10-11",,,,
"US10scot041","SCOTTSBLUFF 3.7 E, NE US","2024-10-12",,,,
"US10scot041","SCOTTSBLUFF 3.7 E, NE US","2024-10-13",,,,
"US10scot041","SCOTTSBLUFF 3.7 E, NE US","2024-10-14",,,,
"US10scot041","SCOTTSBLUFF 3.7 E, NE US","2024-10-15",,,,
"US10scot041","SCOTTSBLUFF 3.7 E, NE US","2024-10-16",,,,
"US10scot041","SCOTTSBLUFF 3.7 E, NE US","2024-10-17",,,,
"US10scot041","SCOTTSBLUFF 3.7 E, NE US","2024-10-18",,,,
"US10scot041","SCOTTSBLUFF 3.7 E, NE US","2024-10-19",,,,
"US10scot041","SCOTTSBLUFF 3.7 E, NE US","2024-10-20",,,,
"US10scot041","SCOTTSBLUFF 3.7 E, NE US","2024-10-21",,,,
"US10scot041","SCOTTSBLUFF 3.7 E, NE US","2024-10-22",,,,
"US10scot041","SCOTTSBLUFF 3.7 E, NE US","2024-10-23",,,,
"US10scot041","SCOTTSBLUFF 3.7 E, NE US","2024-10-24",,,,
"US10scot041","SCOTTSBLUFF 3.7 E, NE US","2024-10-25",,,,
"US10scot041","SCOTTSBLUFF 3.7 E, NE US","2024-10-26",,,,
"US10scot041","SCOTTSBLUFF 3.7 E, NE US","2024-10-27",,,,
"US10scot041","SCOTTSBLUFF 3.7 E, NE US","2024-10-28",,,,
"US10scot041","SCOTTSBLUFF 3.7 E, NE US","2024-10-30",,,,
"US10scot041","SCOTTSBLUFF 3.7 E, NE US","2024-11-01",,,,
"US10scot041","SCOTTSBLUFF 3.7 E, NE US","2024-11-02",,,,
"US10scot041","SCOTTSBLUFF 3.7 E, NE US","2024-11-03",,,,
"US10scot041","SCOTTSBLUFF 3.7 E, NE US","2024-11-04",,,,
"US10scot041","SCOTTSBLUFF 3.7 E, NE US","2024-11-05",,,,
"US10scot041","SCOTTSBLUFF 3.7 E, NE US","2024-11-06",,,,
"US10scot041","SCOTTSBLUFF 3.7 E, NE US","2024-11-07",,,,
"US10scot041","SCOTTSBLUFF 3.7 E, NE US","2024-11-10",,,,
"US10scot041","SCOTTSBLUFF 3.7 E, NE US","2024-11-11",,,,
"US10scot041","SCOTTSBLUFF 3.7 E, NE US","2024-11-12",,,,
"US10scot041","SCOTTSBLUFF 3.7 E, NE US","2024-11-13",,,,
"US10scot041","SCOTTSBLUFF 3.7 E, NE US","2024-11-14",,,,
"US10scot041","SCOTTSBLUFF 3.7 E, NE US","2024-11-15",,,,
"US10scot041","SCOTTSBLUFF 3.7 E, NE US","2024-11-16",,,,
"US10scot041","SCOTTSBLUFF 3.7 E, NE US","2024-11-17",,,,
"US10scot041","SCOTTSBLUFF 3.7 E, NE US","2024-11-18",,,,
"US10scot041","SCOTTSBLUFF 3.7 E, NE US","2024-11-19",,,,
"US10scot041","SCOTTSBLUFF 3.7 E, NE US","2024-11-20",,,,
"US10scot041","SCOTTSBLUFF 3.7 E, NE US","2024-11-21",,,,
"US10scot041","SCOTTSBLUFF 3.7 E, NE US","2024-11-22",,,,
"US10scot041","SCOTTSBLUFF 3.7 E, NE US","2024-11-23",,,,
"US10scot041","SCOTTSBLUFF 3.7 E, NE US","2024-11-24",,,,
"US10scot041","SCOTTSBLUFF 3.7 E, NE US","2024-11-25",,,,
"US10scot041","SCOTTSBLUFF 3.7 E, NE US","2024-11-26",,,,
"US10scot041","SCOTTSBLUFF 3.7 E, NE US","2024-11-27",,,,
"US10scot041","SCOTTSBLUFF 3.7 E, NE US","2024-11-28",,,,
"US10scot041","SCOTTSBLUFF 3.7 E, NE US","2024-11-29",,,,
"US10scot041","SCOTTSBLUFF 3.7 E, NE US","2024-11-30",,,,
"US10scot041","SCOTTSBLUFF 3.7 E, NE US","2024-12-01",,,,
"US10scot041","SCOTTSBLUFF 3.7 E, NE US","2024-12-02",,,,
"US10scot041","SCOTTSBLUFF 3.7 E, NE US","2024-12-03",,,,
"US10scot041","SCOTTSBLUFF 3.7 E, NE US","2024-12-04",,,,
"US10scot041","SCOTTSBLUFF 3.7 E, NE US","2024-12-05",,,,
"US10scot041","SCOTTSBLUFF 3.7 E, NE US","2024-12-06",,,,
"US10scot041","SCOTTSBLUFF 3.7 E, NE US","2024-12-07",,,,
"US10scot041","SCOTTSBLUFF 3.7 E, NE US","2024-12-08",,,,
"US10scot041","SCOTTSBLUFF 3.7 E, NE US","2024-12-09",,,,
"US10scot041","SCOTTSBLUFF 3.7 E, NE US","2024-12-10",,,,
"US10scot041","SCOTTSBLUFF 3.7 E, NE US","2024-12-11",,,,
"US10scot041","SCOTTSBLUFF 3.7 E, NE US","2024-12-12",,,,
"US10scot041","SCOTTSBLUFF 3.7 E, NE US","2024-12-13",,,,
"US10scot041","SCOTTSBLUFF 3.7 E, NE US","2024-12-14",,,,
"US10scot041","SCOTTSBLUFF 3.7 E, NE US","2024-12-15",,,,
"US10scot041","SCOTTSBLUFF 3.7 E, NE US","2024-12-16",,,,
"US10scot041","SCOTTSBLUFF 3.7 E, NE US","2024-12-17",,,,
"US10scot041","SCOTTSBLUFF 3.7 E, NE US","2024-12-18",,,,
"US10scot041","SCOTTSBLUFF 3.7 E, NE US","2024-12-19",,,,
"US10scot041","SCOTTSBLUFF 3.7 E, NE US","2024-12-20",,,,
"US10scot041","SCOTTSBLUFF 3.7 E, NE US","2024-12-21",,,,
"US10scot041","SCOTTSBLUFF 3.7 E, NE US","2024-12-22",,,,
"US10scot041","SCOTTSBLUFF 3.7 E, NE US","2024-12-23",,,,
"US10scot041","SCOTTSBLUFF 3.7 E, NE US","2024-12-24",,,,
"US10scot041","SCOTTSBLUFF 3.7 E, NE US","2024-12-25",,,,
"US10scot041","SCOTTSBLUFF 3.7 E, NE US","2024-12-26",,,,
"US10scot041","SCOTTSBLUFF 3.7 E, NE US","2024-12-27",,,,
"US10scot041","SCOTTSBLUFF 3.7 E, NE US","2024-12-28",,,,
"US10scot041","SCOTTSBLUFF 3.7 E, NE US","2024-12-29",,,,
"US10scot041","SCOTTSBLUFF 3.7 E, NE US","2025-01-01",,,,
"US10scot041","SCOTTSBLUFF 3.7 E, NE US","2025-01-02",,,,
"US10scot041","SCOTTSBLUFF 3.7 E, NE US","2025-01-03",,,,
"US10scot041","SCOTTSBLUFF 3.7 E, NE US","2025-01-06",,,,
"US10scot041","SCOTTSBLUFF 3.7 E, NE US","2025-01-07",,,,
"US10scot041","SCOTTSBLUFF 3.7 E, NE US","2025-01-08",,,,
"US10scot041","SCOTTSBLUFF 3.7 E, NE US","2025-01-09",,,,
"US10scot041","SCOTTSBLUFF 3.7 E, NE US","2025-01-13",,,,
"US10scot041","SCOTTSBLUFF 3.7 E, NE US","2025-01-14",,,,
"US10scot041","SCOTTSBLUFF 3.7 E, NE US","2025-01-15",,,,
"US10scot041","SCOTTSBLUFF 3.7 E, NE US","2025-01-16",,,,
"US10scot041","SCOTTSBLUFF 3.7 E, NE US","2025-01-17",,,,
"US10scot041","SCOTTSBLUFF 3.7 E, NE US","2025-01-18",,,,
"US10scot041","SCOTTSBLUFF 3.7 E, NE US","2025-01-19",,,,
"US10scot041","SCOTTSBLUFF 3.7 E, NE US","2025-01-20",,,,
"US10scot041","SCOTTSBLUFF 3.7 E, NE US","2025-01-21",,,,
"US10scot041","SCOTTSBLUFF 3.7 E, NE US","2025-01-22",,,,
"US10scot041","SCOTTSBLUFF 3.7 E, NE US","2025-01-23",,,,
"US10scot041","SCOTTSBLUFF 3.7 E, NE US","2025-01-24",,,,
"US10scot041","SCOTTSBLUFF 3.7 E, NE US","2025-01-25",,,,
"US10scot041","SCOTTSBLUFF 3.7 E, NE US","2025-01-26",,,,
"US10scot041","SCOTTSBLUFF 3.7 E, NE US","2025-01-27",,,,
"US10scot041","SCOTTSBLUFF 3.7 E, NE US","2025-01-28",,,,
"US10scot041","SCOTTSBLUFF 3.7 E, NE US","2025-01-29",,,,
"US10scot041","SCOTTSBLUFF 3.7 E, NE US","2025-01-30",,,,
"US10scot041","SCOTTSBLUFF 3.7 E, NE US","2025-01-31",,,,
"US10scot041","SCOTTSBLUFF 3.7 E, NE US","2025-02-01",,,,
"US10scot041","SCOTTSBLUFF 3.7 E, NE US","2025-02-02",,,,
"US10scot041","SCOTTSBLUFF 3.7 E, NE US","2025-02-03",,,,
"US10scot041","SCOTTSBLUFF 3.7 E, NE US","2025-02-04",,,,
"US10scot041","SCOTTSBLUFF 3.7 E, NE US","2025-02-05",,,,
"US10scot041","SCOTTSBLUFF 3.7 E, NE US","2025-02-06",,,,
"US10scot041","SCOTTSBLUFF 3.7 E, NE US","2025-02-07",,,,
"US10scot041","SCOTTSBLUFF 3.7 E, NE US","2025-02-08",,,,
"US10scot041","SCOTTSBLUFF 3.7 E, NE US","2025-02-09",,,,
"US10scot041","SCOTTSBLUFF 3.7 E, NE US","2025-02-10",,,,
"US10scot041","SCOTTSBLUFF 3.7 E, NE US","2025-02-11",,,,
"US10scot041","SCOTTSBLUFF 3.7 E, NE US","2025-02-12",,,,
"US10scot041","SCOTTSBLUFF 3.7 E, NE US","2025-02-13",,,,
"US10scot041","SCOTTSBLUFF 3.7 E, NE US","2025-02-14",,,,
"US10scot041","SCOTTSBLUFF 3.7 E, NE US","2025-02-15",,,,
"US10scot041","SCOTTSBLUFF 3.7 E, NE US","2025-02-19",,,,
"US10scot041","SCOTTSBLUFF 3.7 E, NE US","2025-02-20",,,,
"US10scot041","SCOTTSBLUFF 3.7 E, NE US","2025-02-21",,,,
"US10scot041","SCOTTSBLUFF 3.7 E, NE US","2025-02-22",,,,
"US10scot041","SCOTTSBLUFF 3.7 E, NE US","2025-02-23",,,,
"US10scot041","SCOTTSBLUFF 3.7 E, NE US","2025-03-04",,,,
"US10scot041","SCOTTSBLUFF 3.7 E, NE US","2025-03-05",,,,
"US10scot041","SCOTTSBLUFF 3.7 E, NE US","2025-03-06",,,,
"US10scot041","SCOTTSBLUFF 3.7 E, NE US","2025-03-07",,,,
"US10scot041","SCOTTSBLUFF 3.7 E, NE US","2025-03-08",,,,
"US10scot041","SCOTTSBLUFF 3.7 E, NE US","2025-03-09",,,,
"US10scot041","SCOTTSBLUFF 3.7 E, NE US","2025-03-10",,,,
"US10scot041","SCOTTSBLUFF 3.7 E, NE US","2025-03-11",,,,
"US10scot041","SCOTTSBLUFF 3.7 E, NE US","2025-03-12",,,,
"US10scot041","SCOTTSBLUFF 3.7 E, NE US","2025-03-13",,,,
"US10scot041","SCOTTSBLUFF 3.7 E, NE US","2025-03-14",,,,
"US10scot041","SCOTTSBLUFF 3.7 E, NE US","2025-03-15",,,,
"US10scot041","SCOTTSBLUFF 3.7 E, NE US","2025-03-16",,,,
"US10scot041","SCOTTSBLUFF 3.7 E, NE US","2025-03-17",,,,
"US10scot041","SCOTTSBLUFF 3.7 E, NE US","2025-03-18",,,,
"US10scot041","SCOTTSBLUFF 3.7 E, NE US","2025-03-19",,,,
"US10scot041","SCOTTSBLUFF 3.7 E, NE US","2025-03-20",,,,
"US10scot041","SCOTTSBLUFF 3.7 E, NE US","2025-03-21",,,,
"US10scot041","SCOTTSBLUFF 3.7 E, NE US","2025-03-22",,,,
"US10scot041","SCOTTSBLUFF 3.7 E, NE US","2025-03-23",,,,
"US10scot041","SCOTTSBLUFF 3.7 E, NE US","2025-03-24",,,,
"US10scot041","SCOTTSBLUFF 3.7 E, NE US","2025-03-25",,,,
"US10scot041","SCOTTSBLUFF 3.7 E, NE US","2025-03-26",,,,
"US10scot041","SCOTTSBLUFF 3.7 E, NE US","2025-03-27",,,,
"US10scot041","SCOTTSBLUFF 3.7 E, NE US","2025-03-31",,,,
"US10scot041","SCOTTSBLUFF 3.7 E, NE US","2025-04-01",,,,
"US10scot041","SCOTTSBLUFF 3.7 E, NE US","2025-04-02",,,,
"US10scot041","SCOTTSBLUFF 3.7 E, NE US","2025-04-03",,,,
"US10scot041","SCOTTSBLUFF 3.7 E, NE US","2025-04-04",,,,
"US10scot041","SCOTTSBLUFF 3.7 E, NE US","2025-04-05",,,,
"US10scot041","SCOTTSBLUFF 3.7 E, NE US","2025-04-06",,,,
"US10scot041","SCOTTSBLUFF 3.7 E, NE US","2025-04-07",,,,
"US10scot041","SCOTTSBLUFF 3.7 E, NE US","2025-04-08",,,,
"US10scot041","SCOTTSBLUFF 3.7 E, NE US","2025-04-09",,,,
"US10scot041","SCOTTSBLUFF 3.7 E, NE US","2025-04-10",,,,
"US10scot041","SCOTTSBLUFF 3.7 E, NE US","2025-04-11",,,,
"US10scot041","SCOTTSBLUFF 3.7 E, NE US","2025-04-12",,,,
"US10scot041","SCOTTSBLUFF 3.7 E, NE US","2025-04-13",,,,
"US10scot041","SCOTTSBLUFF 3.7 E, NE US","2025-04-14",,,,
"US10scot041","SCOTTSBLUFF 3.7 E, NE US","2025-04-15",,,,
"US10scot041","SCOTTSBLUFF 3.7 E, NE US","2025-04-16",,,,
"US1NESB0013","SCOTTSBLUFF 1.3 ENE, NE US","2024-04-19",,,,
"US1NESB0013","SCOTTSBLUFF 1.3 ENE, NE US","2024-04-20",,,,
"US1NESB0013","SCOTTSBLUFF 1.3 ENE, NE US","2024-04-21",,,,
"US1NESB0013","SCOTTSBLUFF 1.3 ENE, NE US","2024-04-22",,,,
"US1NESB0013","SCOTTSBLUFF 1.3 ENE, NE US","2024-04-23",,,,
"US1NESB0013","SCOTTSBLUFF 1.3 ENE, NE US","2024-04-24",,,,
"US1NESB0013","SCOTTSBLUFF 1.3 ENE, NE US","2024-04-25",,,,
"US1NESB0013","SCOTTSBLUFF 1.3 ENE, NE US","2024-04-26",,,,
"US1NESB0013","SCOTTSBLUFF 1.3 ENE, NE US","2024-04-27",,,,
"US1NESB0013","SCOTTSBLUFF 1.3 ENE, NE US","2024-04-28",,,,
"US1NESB0013","SCOTTSBLUFF 1.3 ENE, NE US","2024-04-29",,,,
"US1NESB0013","SCOTTSBLUFF 1.3 ENE, NE US","2024-04-30",,,,
"US1NESB0013","SCOTTSBLUFF 1.3 ENE, NE US","2024-05-01",,,,
"US1NESB0013","SCOTTSBLUFF 1.3 ENE, NE US","2024-05-02",,,,
"US1NESB0013","SCOTTSBLUFF 1.3 ENE, NE US","2024-05-03",,,,
"US1NESB0013","SCOTTSBLUFF 1.3 ENE, NE US","2024-05-04",,,,
"US1NESB0013","SCOTTSBLUFF 1.3 ENE, NE US","2024-05-05",,,,
"US1NESB0013","SCOTTSBLUFF 1.3 ENE, NE US","2024-05-06",,,,
"US1NESB0013","SCOTTSBLUFF 1.3 ENE, NE US","2024-05-07",,,,
"US1NESB0013","SCOTTSBLUFF 1.3 ENE, NE US","2024-05-08",,,,
"US1NESB0013","SCOTTSBLUFF 1.3 ENE, NE US","2024-05-09",,,,
"US1NESB0013","SCOTTSBLUFF 1.3 ENE, NE US","2024-05-10",,,,
"US1NESB0013","SCOTTSBLUFF 1.3 ENE, NE US","2024-05-11",,,,
"US1NESB0013","SCOTTSBLUFF 1.3 ENE, NE US","2024-05-12",,,,
"US1NESB0013","SCOTTSBLUFF 1.3 ENE, NE US","2024-05-13",,,,
"US1NESB0013","SCOTTSBLUFF 1.3 ENE, NE US","2024-05-14",,,,
"US1NESB0013","SCOTTSBLUFF 1.3 ENE, NE US","2024-05-15",,,,
"US1NESB0013","SCOTTSBLUFF 1.3 ENE, NE US","2024-05-16",,,,
"US1NESB0013","SCOTTSBLUFF 1.3 ENE, NE US","2024-05-17",,,,
"US1NESB0013","SCOTTSBLUFF 1.3 ENE, NE US","2024-05-18",,,,
"US1NESB0013","SCOTTSBLUFF 1.3 ENE, NE US","2024-05-19",,,,
"US1NESB0013","SCOTTSBLUFF 1.3 ENE, NE US","2024-05-20",,,,
"US1NESB0013","SCOTTSBLUFF 1.3 ENE, NE US","2024-05-21",,,,
"US1NESB0013","SCOTTSBLUFF 1.3 ENE, NE US","2024-05-22",,,,
"US1NESB0013","SCOTTSBLUFF 1.3 ENE, NE US","2024-05-23",,,,
"US1NESB0013","SCOTTSBLUFF 1.3 ENE, NE US","2024-05-24",,,,
"US1NESB0013","SCOTTSBLUFF 1.3 ENE, NE US","2024-05-25",,,,
"US1NESB0013","SCOTTSBLUFF 1.3 ENE, NE US","2024-05-26",,,,
"US1NESB0013","SCOTTSBLUFF 1.3 ENE, NE US","2024-06-05",,,,
"US1NESB0013","SCOTTSBLUFF 1.3 ENE, NE US","2024-06-06",,,,
"US1NESB0013","SCOTTSBLUFF 1.3 ENE, NE US","2024-06-07",,,,
"US1NESB0013","SCOTTSBLUFF 1.3 ENE, NE US","2024-06-08",,,,
"US1NESB0013","SCOTTSBLUFF 1.3 ENE, NE US","2024-06-09",,,,
"US1NESB0013","SCOTTSBLUFF 1.3 ENE, NE US","2024-06-10",,,,
"US1NESB0013","SCOTTSBLUFF 1.3 ENE, NE US","2024-06-11",,,,
"US1NESB0013","SCOTTSBLUFF 1.3 ENE, NE US","2024-06-12",,,,
"US1NESB0013","SCOTTSBLUFF 1.3 ENE, NE US","2024-06-13",,,,
"US1NESB0013","SCOTTSBLUFF 1.3 ENE, NE US","2024-06-14",,,,
"US1NESB0013","SCOTTSBLUFF 1.3 ENE, NE US","2024-06-15",,,,
"US1NESB0013","SCOTTSBLUFF 1.3 ENE, NE US","2024-06-16",,,,
"US1NESB0013","SCOTTSBLUFF 1.3 ENE, NE US","2024-06-17",,,,
"US1NESB0013","SCOTTSBLUFF 1.3 ENE, NE US","2024-06-18",,,,
"US1NESB0013","SCOTTSBLUFF 1.3 ENE, NE US","2024-06-19",,,,
"US1NESB0013","SCOTTSBLUFF 1.3 ENE, NE US","2024-06-20",,,,
"US1NESB0013","SCOTTSBLUFF 1.3 ENE, NE US","2024-06-21",,,,
"US1NESB0013","SCOTTSBLUFF 1.3 ENE, NE US","2024-06-22",,,,
"US1NESB0013","SCOTTSBLUFF 1.3 ENE, NE US","2024-06-23",,,,
"US1NESB0013","SCOTTSBLUFF 1.3 ENE, NE US","2024-06-24",,,,
"US1NESB0013","SCOTTSBLUFF 1.3 ENE, NE US","2024-06-25",,,,
"US1NESB0013","SCOTTSBLUFF 1.3 ENE, NE US","2024-06-26",,,,
"US1NESB0013","SCOTTSBLUFF 1.3 ENE, NE US","2024-06-27",,,,
"US1NESB0013","SCOTTSBLUFF 1.3 ENE, NE US","2024-06-28",,,,
"US1NESB0013","SCOTTSBLUFF 1.3 ENE, NE US","2024-06-29",,,,
"US1NESB0013","SCOTTSBLUFF 1.3 ENE, NE US","2024-06-30",,,,
"US1NESB0013","SCOTTSBLUFF 1.3 ENE, NE US","2024-07-01",,,,
"US1NESB0013","SCOTTSBLUFF 1.3 ENE, NE US","2024-07-02",,,,
"US1NESB0013","SCOTTSBLUFF 1.3 ENE, NE US","2024-07-03",,,,
"US1NESB0013","SCOTTSBLUFF 1.3 ENE, NE US","2024-07-04",,,,
"US1NESB0013","SCOTTSBLUFF 1.3 ENE, NE US","2024-07-05",,,,
"US1NESB0013","SCOTTSBLUFF 1.3 ENE, NE US","2024-07-06",,,,
"US1NESB0013","SCOTTSBLUFF 1.3 ENE, NE US","2024-07-07",,,,
"US1NESB0013","SCOTTSBLUFF 1.3 ENE, NE US","2024-07-08",,,,
"US1NESB0013","SCOTTSBLUFF 1.3 ENE, NE US","2024-07-24",,,,
"US1NESB0013","SCOTTSBLUFF 1.3 ENE, NE US","2024-07-28",,,,
"US1NESB0013","SCOTTSBLUFF 1.3 ENE, NE US","2024-07-29",,,,
"US1NESB0013","SCOTTSBLUFF 1.3 ENE, NE US","2024-07-30",,,,
"US1NESB0013","SCOTTSBLUFF 1.3 ENE, NE US","2024-07-31",,,,
"US1NESB0013","SCOTTSBLUFF 1.3 ENE, NE US","2024-08-01",,,,
"US1NESB0013","SCOTTSBLUFF 1.3 ENE, NE US","2024-08-02",,,,
"US1NESB0013","SCOTTSBLUFF 1.3 ENE, NE US","2024-08-03",,,,
"US1NESB0013","SCOTTSBLUFF 1.3 ENE, NE US","2024-08-04",,,,
"US1NESB0013","SCOTTSBLUFF 1.3 ENE, NE US","2024-08-05",,,,
"US1NESB0013","SCOTTSBLUFF 1.3 ENE, NE US","2024-08-06",,,,
"US1NESB0013","SCOTTSBLUFF 1.3 ENE, NE US","2024-08-07",,,,
"US1NESB0013","SCOTTSBLUFF 1.3 ENE, NE US","2024-08-08",,,,
"US1NESB0013","SCOTTSBLUFF 1.3 ENE, NE US","2024-08-09",,,,
"US1NESB0013","SCOTTSBLUFF 1.3 ENE, NE US","2024-08-10",,,,
"US1NESB0013","SCOTTSBLUFF 1.3 ENE, NE US","2024-08-11",,,,
"US1NESB0013","SCOTTSBLUFF 1.3 ENE, NE US","2024-08-12",,,,
"US1NESB0013","SCOTTSBLUFF 1.3 ENE, NE US","2024-08-21",,,,
"US1NESB0013","SCOTTSBLUFF 1.3 ENE, NE US","2024-08-22",,,,
"US1NESB0013","SCOTTSBLUFF 1.3 ENE, NE US","2024-08-23",,,,
"US1NESB0013","SCOTTSBLUFF 1.3 ENE, NE US","2024-09-02",,,,
"US1NESB0013","SCOTTSBLUFF 1.3 ENE, NE US","2024-09-13",,,,
"US1NESB0013","SCOTTSBLUFF 1.3 ENE, NE US","2024-09-14",,,,
"US1NESB0013","SCOTTSBLUFF 1.3 ENE, NE US","2024-09-15",,,,
"US1NESB0013","SCOTTSBLUFF 1.3 ENE, NE US","2024-09-16",,,,
"US1NESB0013","SCOTTSBLUFF 1.3 ENE, NE US","2024-09-17",,,,
"US1NESB0013","SCOTTSBLUFF 1.3 ENE, NE US","2024-09-18",,,,
"US1NESB0013","SCOTTSBLUFF 1.3 ENE, NE US","2024-09-19",,,,
"US1NESB0013","SCOTTSBLUFF 1.3 ENE, NE US","2024-09-20",,,,
"US1NESB0013","SCOTTSBLUFF 1.3 ENE, NE US","2024-09-21",,,,
"US1NESB0013","SCOTTSBLUFF 1.3 ENE, NE US","2024-09-22",,,,
"US1NESB0013","SCOTTSBLUFF 1.3 ENE, NE US","2024-09-23",,,,
"US1NESB0013","SCOTTSBLUFF 1.3 ENE, NE US","2024-09-24",,,,
"US1NESB0013","SCOTTSBLUFF 1.3 ENE, NE US","2024-09-25",,,,
"US1NESB0013","SCOTTSBLUFF 1.3 ENE, NE US","2024-09-26",,,,
"US1NESB0013","SCOTTSBLUFF 1.3 ENE, NE US","2024-09-27",,,,
"US1NESB0013","SCOTTSBLUFF 1.3 ENE, NE US","2024-09-28",,,,
"US1NESB0013","SCOTTSBLUFF 1.3 ENE, NE US","2024-09-29",,,,
"US1NESB0013","SCOTTSBLUFF 1.3 ENE, NE US","2024-09-30",,,,
"US1NESB0013","SCOTTSBLUFF 1.3 ENE, NE US","2024-10-01",,,,
"US1NESB0013","SCOTTSBLUFF 1.3 ENE, NE US","2024-10-02",,,,
"US1NESB0013","SCOTTSBLUFF 1.3 ENE, NE US","2024-10-03",,,,
"US1NESB0013","SCOTTSBLUFF 1.3 ENE, NE US","2024-10-04",,,,
"US1NESB0013","SCOTTSBLUFF 1.3 ENE, NE US","2024-10-05",,,,
"US1NESB0013","SCOTTSBLUFF 1.3 ENE, NE US","2024-10-06",,,,
"US1NESB0013","SCOTTSBLUFF 1.3 ENE, NE US","2024-10-07",,,,
"US1NESB0013","SCOTTSBLUFF 1.3 ENE, NE US","2024-10-08",,,,
"US1NESB0013","SCOTTSBLUFF 1.3 ENE, NE US","2024-10-09",,,,
"US1NESB0013","SCOTTSBLUFF 1.3 ENE, NE US","2024-10-10",,,,
"US1NESB0013","SCOTTSBLUFF 1.3 ENE, NE US","2024-10-11",,,,
"US1NESB0013","SCOTTSBLUFF 1.3 ENE, NE US","2024-10-12",,,,
"US1NESB0013","SCOTTSBLUFF 1.3 ENE, NE US","2024-10-13",,,,
"US1NESB0013","SCOTTSBLUFF 1.3 ENE, NE US","2024-10-14",,,,
"US1NESB0013","SCOTTSBLUFF 1.3 ENE, NE US","2024-10-15",,,,
"US1NESB0013","SCOTTSBLUFF 1.3 ENE, NE US","2024-10-16",,,,
"US1NESB0013","SCOTTSBLUFF 1.3 ENE, NE US","2024-10-17",,,,
"US1NESB0013","SCOTTSBLUFF 1.3 ENE, NE US","2024-10-18",,,,
"US1NESB0013","SCOTTSBLUFF 1.3 ENE, NE US","2024-10-19",,,,
"US1NESB0013","SCOTTSBLUFF 1.3 ENE, NE US","2024-10-20",,,,
"US1NESB0013","SCOTTSBLUFF 1.3 ENE, NE US","2024-10-21",,,,
"US1NESB0013","SCOTTSBLUFF 1.3 ENE, NE US","2024-10-22",,,,
"US1NESB0013","SCOTTSBLUFF 1.3 ENE, NE US","2024-10-23",,,,
"US1NESB0013","SCOTTSBLUFF 1.3 ENE, NE US","2024-10-24",,,,
"US1NESB0013","SCOTTSBLUFF 1.3 ENE, NE US","2024-10-27",,,,
"US1NESB0013","SCOTTSBLUFF 1.3 ENE, NE US","2024-10-28",,,,
"US1NESB0013","SCOTTSBLUFF 1.3 ENE, NE US","2024-10-29",,,,
"US1NESB0013","SCOTTSBLUFF 1.3 ENE, NE US","2024-10-30",,,,
"US1NESB0013","SCOTTSBLUFF 1.3 ENE, NE US","2024-10-31",,,,
"US1NESB0013","SCOTTSBLUFF 1.3 ENE, NE US","2024-11-01",,,,
"US1NESB0013","SCOTTSBLUFF 1.3 ENE, NE US","2024-11-02",,,,
"US1NESB0013","SCOTTSBLUFF 1.3 ENE, NE US","2024-11-03",,,,
"US1NESB0013","SCOTTSBLUFF 1.3 ENE, NE US","2024-11-04",,,,
"US1NESB0013","SCOTTSBLUFF 1.3 ENE, NE US","2024-11-05",,,,
"US1NESB0013","SCOTTSBLUFF 1.3 ENE, NE US","2024-11-06",,,,
"US1NESB0013","SCOTTSBLUFF 1.3 ENE, NE US","2024-11-12",,,,
"US1NESB0013","SCOTTSBLUFF 1.3 ENE, NE US","2024-11-14",,,,
"US1NESB0013","SCOTTSBLUFF 1.3 ENE, NE US","2024-11-15",,,,
"US1NESB0013","SCOTTSBLUFF 1.3 ENE, NE US","2024-11-16",,,,
"US1NESB0013","SCOTTSBLUFF 1.3 ENE, NE US","2024-11-17",,,,
"US1NESB0013","SCOTTSBLUFF 1.3 ENE, NE US","2024-11-18",,,,
"US1NESB0013","SCOTTSBLUFF 1.3 ENE, NE US","2024-11-19",,,,
"US1NESB0013","SCOTTSBLUFF 1.3 ENE, NE US","2024-11-20",,,,
"US1NESB0013","SCOTTSBLUFF 1.3 ENE, NE US","2024-11-22",,,,
"US1NESB0013","SCOTTSBLUFF 1.3 ENE, NE US","2024-11-23",,,,
"US1NESB0013","SCOTTSBLUFF 1.3 ENE, NE US","2024-11-24",,,,
"US1NESB0013","SCOTTSBLUFF 1.3 ENE, NE US","2024-12-03",,,,
"US1NESB0013","SCOTTSBLUFF 1.3 ENE, NE US","2024-12-04",,,,
"US1NESB0013","SCOTTSBLUFF 1.3 ENE, NE US","2024-12-05",,,,
"US1NESB0013","SCOTTSBLUFF 1.3 ENE, NE US","2024-12-06",,,,
"US1NESB0013","SCOTTSBLUFF 1.3 ENE, NE US","2024-12-07",,,,
"US1NESB0013","SCOTTSBLUFF 1.3 ENE, NE US","2024-12-08",,,,
"US1NESB0013","SCOTTSBLUFF 1.3 ENE, NE US","2024-12-09",,,,
"US1NESB0013","SCOTTSBLUFF 1.3 ENE, NE US","2024-12-10",,,,
"US1NESB0013","SCOTTSBLUFF 1.3 ENE, NE US","2024-12-11",,,,
"US1NESB0013","SCOTTSBLUFF 1.3 ENE, NE US","2024-12-12",,,,
"US1NESB0013","SCOTTSBLUFF 1.3 ENE, NE US","2024-12-13",,,,
"US1NESB0013","SCOTTSBLUFF 1.3 ENE, NE US","2024-12-14",,,,
"US1NESB0013","SCOTTSBLUFF 1.3 ENE, NE US","2024-12-15",,,,
"US1NESB0013","SCOTTSBLUFF 1.3 ENE, NE US","2024-12-16",,,,
"US1NESB0013","SCOTTSBLUFF 1.3 ENE, NE US","2024-12-17",,,,
"US1NESB0013","SCOTTSBLUFF 1.3 ENE, NE US","2024-12-18",,,,
"US1NESB0013","SCOTTSBLUFF 1.3 ENE, NE US","2024-12-19",,,,
"US1NESB0013","SCOTTSBLUFF 1.3 ENE, NE US","2025-01-06",,,,
"US1NESB0013","SCOTTSBLUFF 1.3 ENE, NE US","2025-01-07",,,,
"US1NESB0013","SCOTTSBLUFF 1.3 ENE, NE US","2025-01-08",,,,
"US1NESB0013","SCOTTSBLUFF 1.3 ENE, NE US","2025-01-09",,,,
"US1NESB0013","SCOTTSBLUFF 1.3 ENE, NE US","2025-01-11",,,,
"US1NESB0013","SCOTTSBLUFF 1.3 ENE, NE US","2025-01-12",,,,
"US1NESB0013","SCOTTSBLUFF 1.3 ENE, NE US","2025-01-13",,,,
"US1NESB0013","SCOTTSBLUFF 1.3 ENE, NE US","2025-01-14",,,,
"US1NESB0013","SCOTTSBLUFF 1.3 ENE, NE US","2025-01-15",,,,
"US1NESB0013","SCOTTSBLUFF 1.3 ENE, NE US","2025-01-16",,,,
"US1NESB0013","SCOTTSBLUFF 1.3 ENE, NE US","2025-01-17",,,,
"US1NESB0013","SCOTTSBLUFF 1.3 ENE, NE US","2025-01-18",,,,
"US1NESB0013","SCOTTSBLUFF 1.3 ENE, NE US","2025-01-19",,,,
"US1NESB0013","SCOTTSBLUFF 1.3 ENE, NE US","2025-01-20",,,,
"US1NESB0013","SCOTTSBLUFF 1.3 ENE, NE US","2025-01-21",,,,
"US1NESB0013","SCOTTSBLUFF 1.3 ENE, NE US","2025-01-22",,,,
"US1NESB0013","SCOTTSBLUFF 1.3 ENE, NE US","2025-01-23",,,,
"US1NESB0013","SCOTTSBLUFF 1.3 ENE, NE US","2025-01-25",,,,
"US1NESB0013","SCOTTSBLUFF 1.3 ENE, NE US","2025-01-26",,,,
"US1NESB0013","SCOTTSBLUFF 1.3 ENE, NE US","2025-01-27",,,,
"US1NESB0013","SCOTTSBLUFF 1.3 ENE, NE US","2025-01-28",,,,
"US1NESB0013","SCOTTSBLUFF 1.3 ENE, NE US","2025-01-29",,,,
"US1NESB0013","SCOTTSBLUFF 1.3 ENE, NE US","2025-02-01",,,,
"US1NESB0013","SCOTTSBLUFF 1.3 ENE, NE US","2025-02-02",,,,
"US1NESB0013","SCOTTSBLUFF 1.3 ENE, NE US","2025-02-03",,,,
"US1NESB0013","SCOTTSBLUFF 1.3 ENE, NE US","2025-02-04",,,,
"US1NESB0013","SCOTTSBLUFF 1.3 ENE, NE US","2025-02-05",,,,
"US1NESB0013","SCOTTSBLUFF 1.3 ENE, NE US","2025-02-06",,,,
"US1NESB0013","SCOTTSBLUFF 1.3 ENE, NE US","2025-02-07",,,,
"US1NESB0013","SCOTTSBLUFF 1.3 ENE, NE US","2025-02-08",,,,
"US1NESB0013","SCOTTSBLUFF 1.3 ENE, NE US","2025-02-09",,,,
"US1NESB0013","SCOTTSBLUFF 1.3 ENE, NE US","2025-02-10",,,,
"US1NESB0013","SCOTTSBLUFF 1.3 ENE, NE US","2025-02-11",,,,
"US1NESB0013","SCOTTSBLUFF 1.3 ENE, NE US","2025-02-12",,,,
"US1NESB0013","SCOTTSBLUFF 1.3 ENE, NE US","2025-02-13",,,,
"US1NESB0013","SCOTTSBLUFF 1.3 ENE, NE US","2025-02-14",,,,
"US1NESB0013","SCOTTSBLUFF 1.3 ENE, NE US","2025-02-15",,,,
"US1NESB0013","SCOTTSBLUFF 1.3 ENE, NE US","2025-02-16",,,,
"US1NESB0013","SCOTTSBLUFF 1.3 ENE, NE US","2025-02-17",,,,
"US1NESB0013","SCOTTSBLUFF 1.3 ENE, NE US","2025-02-18",,,,
"US1NESB0013","SCOTTSBLUFF 1.3 ENE, NE US","2025-02-19",,,,
"US1NESB0013","SCOTTSBLUFF 1.3 ENE, NE US","2025-02-20",,,,
"US1NESB0013","SCOTTSBLUFF 1.3 ENE, NE US","2025-02-21",,,,
"US1NESB0013","SCOTTSBLUFF 1.3 ENE, NE US","2025-02-22",,,,
"US1NESB0013","SCOTTSBLUFF 1.3 ENE, NE US","2025-02-23",,,,
"US1NESB0013","SCOTTSBLUFF 1.3 ENE, NE US","2025-02-24",,,,
"US1NESB0013","SCOTTSBLUFF 1.3 ENE, NE US","2025-02-25",,,,
"US1NESB0013","SCOTTSBLUFF 1.3 ENE, NE US","2025-02-26",,,,
"US1NESB0013","SCOTTSBLUFF 1.3 ENE, NE US","2025-02-27",,,,
"US1NESB0013","SCOTTSBLUFF 1.3 ENE, NE US","2025-02-28",,,,
"US1NESB0013","SCOTTSBLUFF 1.3 ENE, NE US","2025-03-01",,,,
"US1NESB0013","SCOTTSBLUFF 1.3 ENE, NE US","2025-03-02",,,,
"US1NESB0013","SCOTTSBLUFF 1.3 ENE, NE US","2025-03-03",,,,
"US1NESB0013","SCOTTSBLUFF 1.3 ENE, NE US","2025-03-04",,,,
"US1NESB0013","SCOTTSBLUFF 1.3 ENE, NE US","2025-03-05",,,,
"US1NESB0013","SCOTTSBLUFF 1.3 ENE, NE US","2025-03-06",,,,
"US1NESB0013","SCOTTSBLUFF 1.3 ENE, NE US","2025-03-07",,,,
"US1NESB0013","SCOTTSBLUFF 1.3 ENE, NE US","2025-03-08",,,,
"US1NESB0013","SCOTTSBLUFF 1.3 ENE, NE US","2025-03-09",,,,
"US1NESB0013","SCOTTSBLUFF 1.3 ENE, NE US","2025-03-10",,,,
"US1NESB0013","SCOTTSBLUFF 1.3 ENE, NE US","2025-03-11",,,,
"US1NESB0013","SCOTTSBLUFF 1.3 ENE, NE US","2025-03-12",,,,
"US1NESB0013","SCOTTSBLUFF 1.3 ENE, NE US","2025-03-13",,,,
"US1NESB0013","SCOTTSBLUFF 1.3 ENE, NE US","2025-03-14",,,,
"US1NESB0013","SCOTTSBLUFF 1.3 ENE, NE US","2025-03-15",,,,
"US1NESB0013","SCOTTSBLUFF 1.3 ENE, NE US","2025-03-16",,,,
"US1NESB0013","SCOTTSBLUFF 1.3 ENE, NE US","2025-03-17",,,,
"US1NESB0013","SCOTTSBLUFF 1.3 ENE, NE US","2025-03-18",,,,
"US1NESB0013","SCOTTSBLUFF 1.3 ENE, NE US","2025-03-19",,,,
"US1NESB0013","SCOTTSBLUFF 1.3 ENE, NE US","2025-03-20",,,,
"US1NESB0013","SCOTTSBLUFF 1.3 ENE, NE US","2025-03-21",,,,
"US1NESB0013","SCOTTSBLUFF 1.3 ENE, NE US","2025-03-22",,,,
"US1NESB0013","SCOTTSBLUFF 1.3 ENE, NE US","2025-03-23",,,,
"US1NESB0013","SCOTTSBLUFF 1.3 ENE, NE US","2025-03-25",,,,
"US1NESB0013","SCOTTSBLUFF 1.3 ENE, NE US","2025-03-26",,,,
"US1NESB0013","SCOTTSBLUFF 1.3 ENE, NE US","2025-03-27",,,,
"US1NESB0013","SCOTTSBLUFF 1.3 ENE, NE US","2025-03-28",,,,
"US1NESB0013","SCOTTSBLUFF 1.3 ENE, NE US","2025-03-30",,,,
"US1NESB0013","SCOTTSBLUFF 1.3 ENE, NE US","2025-03-31",,,,
"US1NESB0013","SCOTTSBLUFF 1.3 ENE, NE US","2025-04-01",,,,
"US1NESB0013","SCOTTSBLUFF 1.3 ENE, NE US","2025-04-04",,,,
"US1NESB0013","SCOTTSBLUFF 1.3 ENE, NE US","2025-04-05",,,,
"US1NESB0013","SCOTTSBLUFF 1.3 ENE, NE US","2025-04-06",,,,
"US1NESB0013","SCOTTSBLUFF 1.3 ENE, NE US","2025-04-07",,,,
"US1NESB0013","SCOTTSBLUFF 1.3 ENE, NE US","2025-04-08",,,,
"US1NESB0013","SCOTTSBLUFF 1.3 ENE, NE US","2025-04-09",,,,
"US1NESB0013","SCOTTSBLUFF 1.3 ENE, NE US","2025-04-10",,,,
"US1NESB0013","SCOTTSBLUFF 1.3 ENE, NE US","2025-04-11",,,,
"US1NESB0013","SCOTTSBLUFF 1.3 ENE, NE US","2025-04-12",,,,
"US1NESB0013","SCOTTSBLUFF 1.3 ENE, NE US","2025-04-13",,,,
"US1NESB0013","SCOTTSBLUFF 1.3 ENE, NE US","2025-04-14",,,,
"US1NESB0013","SCOTTSBLUFF 1.3 ENE, NE US","2025-04-15",,,,
"US1NESB0013","SCOTTSBLUFF 1.3 ENE, NE US","2025-04-16",,,,
"US1NESB0013","SCOTTSBLUFF 1.3 ENE, NE US","2025-04-17",,,,
"US1NESB0013","SCOTTSBLUFF 1.3 ENE, NE US","2025-04-18",,,,
"US1NESB0013","SCOTTSBLUFF 1.3 ENE, NE US","2025-04-19",,,,
"USW00024028","SCOTTSBLUFF W B HEILIG FIELD AIRPORT, NE US","2024-04-19","37","46","28",
"USW00024028","SCOTTSBLUFF W B HEILIG FIELD AIRPORT, NE US","2024-04-20","35","42","24",
"USW00024028","SCOTTSBLUFF W B HEILIG FIELD AIRPORT, NE US","2024-04-21","39","67","20",
"USW00024028","SCOTTSBLUFF W B HEILIG FIELD AIRPORT, NE US","2024-04-22","58","71","43",
"USW00024028","SCOTTSBLUFF W B HEILIG FIELD AIRPORT, NE US","2024-04-23","55","67","35",
"USW00024028","SCOTTSBLUFF W B HEILIG FIELD AIRPORT, NE US","2024-04-24","57","78","43",
"USW00024028","SCOTTSBLUFF W B HEILIG FIELD AIRPORT, NE US","2024-04-25","59","76","45",
"USW00024028","SCOTTSBLUFF W B HEILIG FIELD AIRPORT, NE US","2024-04-26","55","70","47",
"USW00024028","SCOTTSBLUFF W B HEILIG FIELD AIRPORT, NE US","2024-04-27","48","49","40",
"USW00024028","SCOTTSBLUFF W B HEILIG FIELD AIRPORT, NE US","2024-04-28","46","58","40",
"USW00024028","SCOTTSBLUFF W B HEILIG FIELD AIRPORT, NE US","2024-04-29","52","71","38",
"USW00024028","SCOTTSBLUFF W B HEILIG FIELD AIRPORT, NE US","2024-04-30","58","63","46",
"USW00024028","SCOTTSBLUFF W B HEILIG FIELD AIRPORT, NE US","2024-05-01","51","63","39",
"USW00024028","SCOTTSBLUFF W B HEILIG FIELD AIRPORT, NE US","2024-05-02","47","61","33",
"USW00024028","SCOTTSBLUFF W B HEILIG FIELD AIRPORT, NE US","2024-05-03","51","68","33",
"USW00024028","SCOTTSBLUFF W B HEILIG FIELD AIRPORT, NE US","2024-05-04","44","66","27",
"USW00024028","SCOTTSBLUFF W B HEILIG FIELD AIRPORT, NE US","2024-05-05","55","71","43",
"USW00024028","SCOTTSBLUFF W B HEILIG FIELD AIRPORT, NE US","2024-05-06","56","61","45",
"USW00024028","SCOTTSBLUFF W B HEILIG FIELD AIRPORT, NE US","2024-05-07","54","65","45",
"USW00024028","SCOTTSBLUFF W B HEILIG FIELD AIRPORT, NE US","2024-05-08","51","59","40",
"USW00024028","SCOTTSBLUFF W B HEILIG FIELD AIRPORT, NE US","2024-05-09","47","59","40",
"USW00024028","SCOTTSBLUFF W B HEILIG FIELD AIRPORT, NE US","2024-05-10","52","67","39",
"USW00024028","SCOTTSBLUFF W B HEILIG FIELD AIRPORT, NE US","2024-05-11","55","75","36",
"USW00024028","SCOTTSBLUFF W B HEILIG FIELD AIRPORT, NE US","2024-05-12","61","80","41",
"USW00024028","SCOTTSBLUFF W B HEILIG FIELD AIRPORT, NE US","2024-05-13","60","80","41",
"USW00024028","SCOTTSBLUFF W B HEILIG FIELD AIRPORT, NE US","2024-05-14","65","79","47",
"USW00024028","SCOTTSBLUFF W B HEILIG FIELD AIRPORT, NE US","2024-05-15","56","65","47",
"USW00024028","SCOTTSBLUFF W B HEILIG FIELD AIRPORT, NE US","2024-05-16","58","81","40",
"USW00024028","SCOTTSBLUFF W B HEILIG FIELD AIRPORT, NE US","2024-05-17","67","88","41",
"USW00024028","SCOTTSBLUFF W B HEILIG FIELD AIRPORT, NE US","2024-05-18","64","76","44",
"USW00024028","SCOTTSBLUFF W B HEILIG FIELD AIRPORT, NE US","2024-05-19","69","82","51",
"USW00024028","SCOTTSBLUFF W B HEILIG FIELD AIRPORT, NE US","2024-05-20","60","70","45",
"USW00024028","SCOTTSBLUFF W B HEILIG FIELD AIRPORT, NE US","2024-05-21","51","63","40",
"USW00024028","SCOTTSBLUFF W B HEILIG FIELD AIRPORT, NE US","2024-05-22","53","73","36",
"USW00024028","SCOTTSBLUFF W B HEILIG FIELD AIRPORT, NE US","2024-05-23","60","75","47",
"USW00024028","SCOTTSBLUFF W B HEILIG FIELD AIRPORT, NE US","2024-05-24","56","74","43",
"USW00024028","SCOTTSBLUFF W B HEILIG FIELD AIRPORT, NE US","2024-05-25","60","74","50",
"USW00024028","SCOTTSBLUFF W B HEILIG FIELD AIRPORT, NE US","2024-05-26","61","75","48",
"USW00024028","SCOTTSBLUFF W B HEILIG FIELD AIRPORT, NE US","2024-05-27","60","78","43",
"USW00024028","SCOTTSBLUFF W B HEILIG FIELD AIRPORT, NE US","2024-05-28","62","81","42",
"USW00024028","SCOTTSBLUFF W B HEILIG FIELD AIRPORT, NE US","2024-05-29","69","88","54",
"USW00024028","SCOTTSBLUFF W B HEILIG FIELD AIRPORT, NE US","2024-05-30","64","79","52",
"USW00024028","SCOTTSBLUFF W B HEILIG FIELD AIRPORT, NE US","2024-05-31","59","69","50",
"USW00024028","SCOTTSBLUFF W B HEILIG FIELD AIRPORT, NE US","2024-06-01","65","84","56",
"USW00024028","SCOTTSBLUFF W B HEILIG FIELD AIRPORT, NE US","2024-06-02","70","89","53",
"USW00024028","SCOTTSBLUFF W B HEILIG FIELD AIRPORT, NE US","2024-06-03","69","93","49",
"USW00024028","SCOTTSBLUFF W B HEILIG FIELD AIRPORT, NE US","2024-06-04","71","82","51",
"USW00024028","SCOTTSBLUFF W B HEILIG FIELD AIRPORT, NE US","2024-06-05","70","91","47",
"USW00024028","SCOTTSBLUFF W B HEILIG FIELD AIRPORT, NE US","2024-06-06","71","92","49",
"USW00024028","SCOTTSBLUFF W B HEILIG FIELD AIRPORT, NE US","2024-06-07","77","96","60",
"USW00024028","SCOTTSBLUFF W B HEILIG FIELD AIRPORT, NE US","2024-06-08","69","73","57",
"USW00024028","SCOTTSBLUFF W B HEILIG FIELD AIRPORT, NE US","2024-06-09","63","78","56",
"USW00024028","SCOTTSBLUFF W B HEILIG FIELD AIRPORT, NE US","2024-06-10","72","92","60",
"USW00024028","SCOTTSBLUFF W B HEILIG FIELD AIRPORT, NE US","2024-06-11","69","89","50",
"USW00024028","SCOTTSBLUFF W B HEILIG FIELD AIRPORT, NE US","2024-06-12","81","101","57",
"USW00024028","SCOTTSBLUFF W B HEILIG FIELD AIRPORT, NE US","2024-06-13","78","88","60",
"USW00024028","SCOTTSBLUFF W B HEILIG FIELD AIRPORT, NE US","2024-06-14","73","83","62",
"USW00024028","SCOTTSBLUFF W B HEILIG FIELD AIRPORT, NE US","2024-06-15","72","97","59",
"USW00024028","SCOTTSBLUFF W B HEILIG FIELD AIRPORT, NE US","2024-06-16","73","83","57",
"USW00024028","SCOTTSBLUFF W B HEILIG FIELD AIRPORT, NE US","2024-06-17","67","90","56",
"USW00024028","SCOTTSBLUFF W B HEILIG FIELD AIRPORT, NE US","2024-06-18","70","77","50",
"USW00024028","SCOTTSBLUFF W B HEILIG FIELD AIRPORT, NE US","2024-06-19","59","74","45",
"USW00024028","SCOTTSBLUFF W B HEILIG FIELD AIRPORT, NE US","2024-06-20","69","95","62",
"USW00024028","SCOTTSBLUFF W B HEILIG FIELD AIRPORT, NE US","2024-06-21","68","79","61",
"USW00024028","SCOTTSBLUFF W B HEILIG FIELD AIRPORT, NE US","2024-06-22","71","92","56",
"USW00024028","SCOTTSBLUFF W B HEILIG FIELD AIRPORT, NE US","2024-06-23","79","102","60",
"USW00024028","SCOTTSBLUFF W B HEILIG FIELD AIRPORT, NE US","2024-06-24","84","104","60",
"USW00024028","SCOTTSBLUFF W B HEILIG FIELD AIRPORT, NE US","2024-06-25","83","101","57",
"USW00024028","SCOTTSBLUFF W B HEILIG FIELD AIRPORT, NE US","2024-06-26","78","92","59",
"USW00024028","SCOTTSBLUFF W B HEILIG FIELD AIRPORT, NE US","2024-06-27","78","99","64",
"USW00024028","SCOTTSBLUFF W B HEILIG FIELD AIRPORT, NE US","2024-06-28","78","97","56",
"USW00024028","SCOTTSBLUFF W B HEILIG FIELD AIRPORT, NE US","2024-06-29","70","81","53",
"USW00024028","SCOTTSBLUFF W B HEILIG FIELD AIRPORT, NE US","2024-06-30","73","89","61",
"USW00024028","SCOTTSBLUFF W B HEILIG FIELD AIRPORT, NE US","2024-07-01","74","90","64",
"USW00024028","SCOTTSBLUFF W B HEILIG FIELD AIRPORT, NE US","2024-07-02","71","84","59",
"USW00024028","SCOTTSBLUFF W B HEILIG FIELD AIRPORT, NE US","2024-07-03","72","93","57",
"USW00024028","SCOTTSBLUFF W B HEILIG FIELD AIRPORT, NE US","2024-07-04","68","82","50",
"USW00024028","SCOTTSBLUFF W B HEILIG FIELD AIRPORT, NE US","2024-07-05","70","85","58",
"USW00024028","SCOTTSBLUFF W B HEILIG FIELD AIRPORT, NE US","2024-07-06","72","91","55",
"USW00024028","SCOTTSBLUFF W B HEILIG FIELD AIRPORT, NE US","2024-07-07","69","83","54",
"USW00024028","SCOTTSBLUFF W B HEILIG FIELD AIRPORT, NE US","2024-07-08","67","86","49",
"USW00024028","SCOTTSBLUFF W B HEILIG FIELD AIRPORT, NE US","2024-07-09","74","95","54",
"USW00024028","SCOTTSBLUFF W B HEILIG FIELD AIRPORT, NE US","2024-07-10","75","93","55",
"USW00024028","SCOTTSBLUFF W B HEILIG FIELD AIRPORT, NE US","2024-07-11","77","100","60",
"USW00024028","SCOTTSBLUFF W B HEILIG FIELD AIRPORT, NE US","2024-07-12","83","100","65",
"USW00024028","SCOTTSBLUFF W B HEILIG FIELD AIRPORT, NE US","2024-07-13","83","102","62",
"USW00024028","SCOTTSBLUFF W B HEILIG FIELD AIRPORT, NE US","2024-07-14","83","100","68",
"USW00024028","SCOTTSBLUFF W B HEILIG FIELD AIRPORT, NE US","2024-07-15","85","95","64",
"USW00024028","SCOTTSBLUFF W B HEILIG FIELD AIRPORT, NE US","2024-07-16","76","96","63",
"USW00024028","SCOTTSBLUFF W B HEILIG FIELD AIRPORT, NE US","2024-07-17","74","90","59",
"USW00024028","SCOTTSBLUFF W B HEILIG FIELD AIRPORT, NE US","2024-07-18","71","95","56",
"USW00024028","SCOTTSBLUFF W B HEILIG FIELD AIRPORT, NE US","2024-07-19","78","95","63",
"USW00024028","SCOTTSBLUFF W B HEILIG FIELD AIRPORT, NE US","2024-07-20","71","83","63",
"USW00024028","SCOTTSBLUFF W B HEILIG FIELD AIRPORT, NE US","2024-07-21","69","80","59",
"USW00024028","SCOTTSBLUFF W B HEILIG FIELD AIRPORT, NE US","2024-07-22","71","87","56",
"USW00024028","SCOTTSBLUFF W B HEILIG FIELD AIRPORT, NE US","2024-07-23","74","93","56",
"USW00024028","SCOTTSBLUFF W B HEILIG FIELD AIRPORT, NE US","2024-07-24","78","98","59",
"USW00024028","SCOTTSBLUFF W B HEILIG FIELD AIRPORT, NE US","2024-07-25","80","103","60",
"USW00024028","SCOTTSBLUFF W B HEILIG FIELD AIRPORT, NE US","2024-07-26","82","99","63",
"USW00024028","SCOTTSBLUFF W B HEILIG FIELD AIRPORT, NE US","2024-07-27","75","97","60",
"USW00024028","SCOTTSBLUFF W B HEILIG FIELD AIRPORT, NE US","2024-07-28","76","98","59",
"USW00024028","SCOTTSBLUFF W B HEILIG FIELD AIRPORT, NE US","2024-07-29","76","101","55",
"USW00024028","SCOTTSBLUFF W B HEILIG FIELD AIRPORT, NE US","2024-07-30","81","102","60",
"USW00024028","SCOTTSBLUFF W B HEILIG FIELD AIRPORT, NE US","2024-07-31","83","97","65",
"USW00024028","SCOTTSBLUFF W B HEILIG FIELD AIRPORT, NE US","2024-08-01","77","98","57",
"USW00024028","SCOTTSBLUFF W B HEILIG FIELD AIRPORT, NE US","2024-08-02","81","100","65",
"USW00024028","SCOTTSBLUFF W B HEILIG FIELD AIRPORT, NE US","2024-08-03","78","101","58",
"USW00024028","SCOTTSBLUFF W B HEILIG FIELD AIRPORT, NE US","2024-08-04","84","105","65",
"USW00024028","SCOTTSBLUFF W B HEILIG FIELD AIRPORT, NE US","2024-08-05","83","99","68",
"USW00024028","SCOTTSBLUFF W B HEILIG FIELD AIRPORT, NE US","2024-08-06","78","98","62",
"USW00024028","SCOTTSBLUFF W B HEILIG FIELD AIRPORT, NE US","2024-08-07","77","92","62",
"USW00024028","SCOTTSBLUFF W B HEILIG FIELD AIRPORT, NE US","2024-08-08","64","64","60",
"USW00024028","SCOTTSBLUFF W B HEILIG FIELD AIRPORT, NE US","2024-08-09","59","60","54",
"USW00024028","SCOTTSBLUFF W B HEILIG FIELD AIRPORT, NE US","2024-08-10","61","77","54",
"USW00024028","SCOTTSBLUFF W B HEILIG FIELD AIRPORT, NE US","2024-08-11","70","89","57",
"USW00024028","SCOTTSBLUFF W B HEILIG FIELD AIRPORT, NE US","2024-08-12","68","81","55",
"USW00024028","SCOTTSBLUFF W B HEILIG FIELD AIRPORT, NE US","2024-08-13","73","89","65",
"USW00024028","SCOTTSBLUFF W B HEILIG FIELD AIRPORT, NE US","2024-08-14","74","91","59",
"USW00024028","SCOTTSBLUFF W B HEILIG FIELD AIRPORT, NE US","2024-08-15","71","88","54",
"USW00024028","SCOTTSBLUFF W B HEILIG FIELD AIRPORT, NE US","2024-08-16","74","91","58",
"USW00024028","SCOTTSBLUFF W B HEILIG FIELD AIRPORT, NE US","2024-08-17","75","95","59",
"USW00024028","SCOTTSBLUFF W B HEILIG FIELD AIRPORT, NE US","2024-08-18","78","92","67",
"USW00024028","SCOTTSBLUFF W B HEILIG FIELD AIRPORT, NE US","2024-08-19","77","92","68",
"USW00024028","SCOTTSBLUFF W B HEILIG FIELD AIRPORT, NE US","2024-08-20","78","96","61",
"USW00024028","SCOTTSBLUFF W B HEILIG FIELD AIRPORT, NE US","2024-08-21","79","98","63",
"USW00024028","SCOTTSBLUFF W B HEILIG FIELD AIRPORT, NE US","2024-08-22","70","84","60",
"USW00024028","SCOTTSBLUFF W B HEILIG FIELD AIRPORT, NE US","2024-08-23","73","90","61",
"USW00024028","SCOTTSBLUFF W B HEILIG FIELD AIRPORT, NE US","2024-08-24","73","93","60",
"USW00024028","SCOTTSBLUFF W B HEILIG FIELD AIRPORT, NE US","2024-08-25","75","93","61",
"USW00024028","SCOTTSBLUFF W B HEILIG FIELD AIRPORT, NE US","2024-08-26","72","86","57",
"USW00024028","SCOTTSBLUFF W B HEILIG FIELD AIRPORT, NE US","2024-08-27","68","87","51",
"USW00024028","SCOTTSBLUFF W B HEILIG FIELD AIRPORT, NE US","2024-08-28","74","98","60",
"USW00024028","SCOTTSBLUFF W B HEILIG FIELD AIRPORT, NE US","2024-08-29","72","87","50",
"USW00024028","SCOTTSBLUFF W B HEILIG FIELD AIRPORT, NE US","2024-08-30","65","88","45",
"USW00024028","SCOTTSBLUFF W B HEILIG FIELD AIRPORT, NE US","2024-08-31","70","93","53",
"USW00024028","SCOTTSBLUFF W B HEILIG FIELD AIRPORT, NE US","2024-09-01","72","91","53",
"USW00024028","SCOTTSBLUFF W B HEILIG FIELD AIRPORT, NE US","2024-09-02","74","94","56",
"USW00024028","SCOTTSBLUFF W B HEILIG FIELD AIRPORT, NE US","2024-09-03","73","97","54",
"USW00024028","SCOTTSBLUFF W B HEILIG FIELD AIRPORT, NE US","2024-09-04","74","80","58",
"USW00024028","SCOTTSBLUFF W B HEILIG FIELD AIRPORT, NE US","2024-09-05","66","81","54",
"USW00024028","SCOTTSBLUFF W B HEILIG FIELD AIRPORT, NE US","2024-09-06","69","88","52",
"USW00024028","SCOTTSBLUFF W B HEILIG FIELD AIRPORT, NE US","2024-09-07","66","86","53",
"USW00024028","SCOTTSBLUFF W B HEILIG FIELD AIRPORT, NE US","2024-09-08","72","92","52",
"USW00024028","SCOTTSBLUFF W B HEILIG FIELD AIRPORT, NE US","2024-09-09","72","98","51",
"USW00024028","SCOTTSBLUFF W B HEILIG FIELD AIRPORT, NE US","2024-09-10","76","93","56",
"USW00024028","SCOTTSBLUFF W B HEILIG FIELD AIRPORT, NE US","2024-09-11","70","90","52",
"USW00024028","SCOTTSBLUFF W B HEILIG FIELD AIRPORT, NE US","2024-09-12","71","91","55",
"USW00024028","SCOTTSBLUFF W B HEILIG FIELD AIRPORT, NE US","2024-09-13","72","83","53",
"USW00024028","SCOTTSBLUFF W B HEILIG FIELD AIRPORT, NE US","2024-09-14","66","90","49",
"USW00024028","SCOTTSBLUFF W B HEILIG FIELD AIRPORT, NE US","2024-09-15","71","92","57",
"USW00024028","SCOTTSBLUFF W B HEILIG FIELD AIRPORT, NE US","2024-09-16","72","91","54",
"USW00024028","SCOTTSBLUFF W B HEILIG FIELD AIRPORT, NE US","2024-09-17","71","94","51",
"USW00024028","SCOTTSBLUFF W B HEILIG FIELD AIRPORT, NE US","2024-09-18","63","86","47",
"USW00024028","SCOTTSBLUFF W B HEILIG FIELD AIRPORT, NE US","2024-09-19","63","82","43",
"USW00024028","SCOTTSBLUFF W B HEILIG FIELD AIRPORT, NE US","2024-09-20","65","91","43",
"USW00024028","SCOTTSBLUFF W B HEILIG FIELD AIRPORT, NE US","2024-09-21","63","72","50",
"USW00024028","SCOTTSBLUFF W B HEILIG FIELD AIRPORT, NE US","2024-09-22","56","72","41",
"USW00024028","SCOTTSBLUFF W B HEILIG FIELD AIRPORT, NE US","2024-09-23","59","84","40",
"USW00024028","SCOTTSBLUFF W B HEILIG FIELD AIRPORT, NE US","2024-09-24","67","82","49",
"USW00024028","SCOTTSBLUFF W B HEILIG FIELD AIRPORT, NE US","2024-09-25","64","92","43",
"USW00024028","SCOTTSBLUFF W B HEILIG FIELD AIRPORT, NE US","2024-09-26","70","97","50",
"USW00024028","SCOTTSBLUFF W B HEILIG FIELD AIRPORT, NE US","2024-09-27","74","88","57",
"USW00024028","SCOTTSBLUFF W B HEILIG FIELD AIRPORT, NE US","2024-09-28","70","96","48",
"USW00024028","SCOTTSBLUFF W B HEILIG FIELD AIRPORT, NE US","2024-09-29","78","97","60",
"USW00024028","SCOTTSBLUFF W B HEILIG FIELD AIRPORT, NE US","2024-09-30","70","71","42",
"USW00024028","SCOTTSBLUFF W B HEILIG FIELD AIRPORT, NE US","2024-10-01","53","80","31",
"USW00024028","SCOTTSBLUFF W B HEILIG FIELD AIRPORT, NE US","2024-10-02","63","91","39",
"USW00024028","SCOTTSBLUFF W B HEILIG FIELD AIRPORT, NE US","2024-10-03","61","69","44",
"USW00024028","SCOTTSBLUFF W B HEILIG FIELD AIRPORT, NE US","2024-10-04","57","89","39",
"USW00024028","SCOTTSBLUFF W B HEILIG FIELD AIRPORT, NE US","2024-10-05","65","78","42",
"USW00024028","SCOTTSBLUFF W B HEILIG FIELD AIRPORT, NE US","2024-10-06","54","76","38",
"USW00024028","SCOTTSBLUFF W B HEILIG FIELD AIRPORT, NE US","2024-10-07","59","84","37",
"USW00024028","SCOTTSBLUFF W B HEILIG FIELD AIRPORT, NE US","2024-10-08","58","81","38",
"USW00024028","SCOTTSBLUFF W B HEILIG FIELD AIRPORT, NE US","2024-10-09","59","86","38",
"USW00024028","SCOTTSBLUFF W B HEILIG FIELD AIRPORT, NE US","2024-10-10","62","88","37",
"USW00024028","SCOTTSBLUFF W B HEILIG FIELD AIRPORT, NE US","2024-10-11","62","69","47",
"USW00024028","SCOTTSBLUFF W B HEILIG FIELD AIRPORT, NE US","2024-10-12","59","81","44",
"USW00024028","SCOTTSBLUFF W B HEILIG FIELD AIRPORT, NE US","2024-10-13","54","65","36",
"USW00024028","SCOTTSBLUFF W B HEILIG FIELD AIRPORT, NE US","2024-10-14","50","79","33",
"USW00024028","SCOTTSBLUFF W B HEILIG FIELD AIRPORT, NE US","2024-10-15","49","63","37",
"USW00024028","SCOTTSBLUFF W B HEILIG FIELD AIRPORT, NE US","2024-10-16","52","83","36",
"USW00024028","SCOTTSBLUFF W B HEILIG FIELD AIRPORT, NE US","2024-10-17","60","84","39",
"USW00024028","SCOTTSBLUFF W B HEILIG FIELD AIRPORT, NE US","2024-10-18","51","50","42",
"USW00024028","SCOTTSBLUFF W B HEILIG FIELD AIRPORT, NE US","2024-10-19","49","71","34",
"USW00024028","SCOTTSBLUFF W B HEILIG FIELD AIRPORT, NE US","2024-10-20","56","74","43",
"USW00024028","SCOTTSBLUFF W B HEILIG FIELD AIRPORT, NE US","2024-10-21","55","72","44",
"USW00024028","SCOTTSBLUFF W B HEILIG FIELD AIRPORT, NE US","2024-10-22","57","75","44",
"USW00024028","SCOTTSBLUFF W B HEILIG FIELD AIRPORT, NE US","2024-10-23","53","75","33",
"USW00024028","SCOTTSBLUFF W B HEILIG FIELD AIRPORT, NE US","2024-10-24","54","66","34",
"USW00024028","SCOTTSBLUFF W B HEILIG FIELD AIRPORT, NE US","2024-10-25","47","69","29",
"USW00024028","SCOTTSBLUFF W B HEILIG FIELD AIRPORT, NE US","2024-10-26","52","77","35",
"USW00024028","SCOTTSBLUFF W B HEILIG FIELD AIRPORT, NE US","2024-10-27","51","82","29",
"USW00024028","SCOTTSBLUFF W B HEILIG FIELD AIRPORT, NE US","2024-10-28","53","62","40",
"USW00024028","SCOTTSBLUFF W B HEILIG FIELD AIRPORT, NE US","2024-10-29","47","52","40",
"USW00024028","SCOTTSBLUFF W B HEILIG FIELD AIRPORT, NE US","2024-10-30","41","43","30",
"USW00024028","SCOTTSBLUFF W B HEILIG FIELD AIRPORT, NE US","2024-10-31","39","59","23",
"USW00024028","SCOTTSBLUFF W B HEILIG FIELD AIRPORT, NE US","2024-11-01","43","59","27",
"USW00024028","SCOTTSBLUFF W B HEILIG FIELD AIRPORT, NE US","2024-11-02","42","67","26",
"USW00024028","SCOTTSBLUFF W B HEILIG FIELD AIRPORT, NE US","2024-11-03","49","60","40",
"USW00024028","SCOTTSBLUFF W B HEILIG FIELD AIRPORT, NE US","2024-11-04","44","54","26",
"USW00024028","SCOTTSBLUFF W B HEILIG FIELD AIRPORT, NE US","2024-11-05","38","55","24",
"USW00024028","SCOTTSBLUFF W B HEILIG FIELD AIRPORT, NE US","2024-11-06","36","39","19",
"USW00024028","SCOTTSBLUFF W B HEILIG FIELD AIRPORT, NE US","2024-11-07","30","49","13",
"USW00024028","SCOTTSBLUFF W B HEILIG FIELD AIRPORT, NE US","2024-11-08","37","43","28",
"USW00024028","SCOTTSBLUFF W B HEILIG FIELD AIRPORT, NE US","2024-11-09",,"45","28",
"USW00024028","SCOTTSBLUFF W B HEILIG FIELD AIRPORT, NE US","2024-11-10","47","68","33",
"USW00024028","SCOTTSBLUFF W B HEILIG FIELD AIRPORT, NE US","2024-11-11","44","64","30",
"USW00024028","SCOTTSBLUFF W B HEILIG FIELD AIRPORT, NE US","2024-11-12","42","50","34",
"USW00024028","SCOTTSBLUFF W B HEILIG FIELD AIRPORT, NE US","2024-11-13","44","53","32",
"USW00024028","SCOTTSBLUFF W B HEILIG FIELD AIRPORT, NE US","2024-11-14","43","66","28",
"USW00024028","SCOTTSBLUFF W B HEILIG FIELD AIRPORT, NE US","2024-11-15","38","57","26",
"USW00024028","SCOTTSBLUFF W B HEILIG FIELD AIRPORT, NE US","2024-11-16","38","54","24",
"USW00024028","SCOTTSBLUFF W B HEILIG FIELD AIRPORT, NE US","2024-11-17","36","59","19",
"USW00024028","SCOTTSBLUFF W B HEILIG FIELD AIRPORT, NE US","2024-11-18","38","60","22",
"USW00024028","SCOTTSBLUFF W B HEILIG FIELD AIRPORT, NE US","2024-11-19","36","44","20",
"USW00024028","SCOTTSBLUFF W B HEILIG FIELD AIRPORT, NE US","2024-11-20","31","50","14",
"USW00024028","SCOTTSBLUFF W B HEILIG FIELD AIRPORT, NE US","2024-11-21","30","61","15",
"USW00024028","SCOTTSBLUFF W B HEILIG FIELD AIRPORT, NE US","2024-11-22","38","68","21",
"USW00024028","SCOTTSBLUFF W B HEILIG FIELD AIRPORT, NE US","2024-11-23","39","53","25",
"USW00024028","SCOTTSBLUFF W B HEILIG FIELD AIRPORT, NE US","2024-11-24","35","43","25",
"USW00024028","SCOTTSBLUFF W B HEILIG FIELD AIRPORT, NE US","2024-11-25","28","50","12",
"USW00024028","SCOTTSBLUFF W B HEILIG FIELD AIRPORT, NE US","2024-11-26","33","50","20",
"USW00024028","SCOTTSBLUFF W B HEILIG FIELD AIRPORT, NE US","2024-11-27","38","45","18",
"USW00024028","SCOTTSBLUFF W B HEILIG FIELD AIRPORT, NE US","2024-11-28","25","40","11",
"USW00024028","SCOTTSBLUFF W B HEILIG FIELD AIRPORT, NE US","2024-11-29","26","48","10",
"USW00024028","SCOTTSBLUFF W B HEILIG FIELD AIRPORT, NE US","2024-11-30","29","49","14",
"USW00024028","SCOTTSBLUFF W B HEILIG FIELD AIRPORT, NE US","2024-12-01","31","53","15",
"USW00024028","SCOTTSBLUFF W B HEILIG FIELD AIRPORT, NE US","2024-12-02","26","44","14",
"USW00024028","SCOTTSBLUFF W B HEILIG FIELD AIRPORT, NE US","2024-12-03","31","65","15",
"USW00024028","SCOTTSBLUFF W B HEILIG FIELD AIRPORT, NE US","2024-12-04","38","58","21",
"USW00024028","SCOTTSBLUFF W B HEILIG FIELD AIRPORT, NE US","2024-12-05","31","48","19",
"USW00024028","SCOTTSBLUFF W B HEILIG FIELD AIRPORT, NE US","2024-12-06","35","59","22",
"USW00024028","SCOTTSBLUFF W B HEILIG FIELD AIRPORT, NE US","2024-12-07","36","64","18",
"USW00024028","SCOTTSBLUFF W B HEILIG FIELD AIRPORT, NE US","2024-12-08","43","59","25",
"USW00024028","SCOTTSBLUFF W B HEILIG FIELD AIRPORT, NE US","2024-12-09","33","41","18",
"USW00024028","SCOTTSBLUFF W B HEILIG FIELD AIRPORT, NE US","2024-12-10","29","40","23",
"USW00024028","SCOTTSBLUFF W B HEILIG FIELD AIRPORT, NE US","2024-12-11","32","50","19",
"USW00024028","SCOTTSBLUFF W B HEILIG FIELD AIRPORT, NE US","2024-12-12","34","52","19",
"USW00024028","SCOTTSBLUFF W B HEILIG FIELD AIRPORT, NE US","2024-12-13","26","37","18",
"USW00024028","SCOTTSBLUFF W B HEILIG FIELD AIRPORT, NE US","2024-12-14","34","59","20",
"USW00024028","SCOTTSBLUFF W B HEILIG FIELD AIRPORT, NE US","2024-12-15","41","56","25",
"USW00024028","SCOTTSBLUFF W B HEILIG FIELD AIRPORT, NE US","2024-12-16","37","49","19",
"USW00024028","SCOTTSBLUFF W B HEILIG FIELD AIRPORT, NE US","2024-12-17","35","46","20",
"USW00024028","SCOTTSBLUFF W B HEILIG FIELD AIRPORT, NE US","2024-12-18","30","57","13",
"USW00024028","SCOTTSBLUFF W B HEILIG FIELD AIRPORT, NE US","2024-12-19","46","52","19",
"USW00024028","SCOTTSBLUFF W B HEILIG FIELD AIRPORT, NE US","2024-12-20","27","47","15",
"USW00024028","SCOTTSBLUFF W B HEILIG FIELD AIRPORT, NE US","2024-12-21","31","65","17",
"USW00024028","SCOTTSBLUFF W B HEILIG FIELD AIRPORT, NE US","2024-12-22","44","64","25",
"USW00024028","SCOTTSBLUFF W B HEILIG FIELD AIRPORT, NE US","2024-12-23","39","55","27",
"USW00024028","SCOTTSBLUFF W B HEILIG FIELD AIRPORT, NE US","2024-12-24","37","55","25",
"USW00024028","SCOTTSBLUFF W B HEILIG FIELD AIRPORT, NE US","2024-12-25","37","49","30",
"USW00024028","SCOTTSBLUFF W B HEILIG FIELD AIRPORT, NE US","2024-12-26","36","57","19",
"USW00024028","SCOTTSBLUFF W B HEILIG FIELD AIRPORT, NE US","2024-12-27","40","51","23",
"USW00024028","SCOTTSBLUFF W B HEILIG FIELD AIRPORT, NE US","2024-12-28","34","55","21",
"USW00024028","SCOTTSBLUFF W B HEILIG FIELD AIRPORT, NE US","2024-12-29","38","52","19",
"USW00024028","SCOTTSBLUFF W B HEILIG FIELD AIRPORT, NE US","2024-12-30","42","50","27",
"USW00024028","SCOTTSBLUFF W B HEILIG FIELD AIRPORT, NE US","2024-12-31","28","36","14",
"USW00024028","SCOTTSBLUFF W B HEILIG FIELD AIRPORT, NE US","2025-01-01","21","39","6",
"USW00024028","SCOTTSBLUFF W B HEILIG FIELD AIRPORT, NE US","2025-01-02","28","30","14",
"USW00024028","SCOTTSBLUFF W B HEILIG FIELD AIRPORT, NE US","2025-01-03","24","37","17",
"USW00024028","SCOTTSBLUFF W B HEILIG FIELD AIRPORT, NE US","2025-01-04","24","26","13",
"USW00024028","SCOTTSBLUFF W B HEILIG FIELD AIRPORT, NE US","2025-01-05","13","15","7",
"USW00024028","SCOTTSBLUFF W B HEILIG FIELD AIRPORT, NE US","2025-01-06","14","30","2",
"USW00024028","SCOTTSBLUFF W B HEILIG FIELD AIRPORT, NE US","2025-01-07","23","25","3",
"USW00024028","SCOTTSBLUFF W B HEILIG FIELD AIRPORT, NE US","2025-01-08","12","39","-6",
"USW00024028","SCOTTSBLUFF W B HEILIG FIELD AIRPORT, NE US","2025-01-09","31","34","13",
"USW00024028","SCOTTSBLUFF W B HEILIG FIELD AIRPORT, NE US","2025-01-10","20","43","8",
"USW00024028","SCOTTSBLUFF W B HEILIG FIELD AIRPORT, NE US","2025-01-11","38","44","30",
"USW00024028","SCOTTSBLUFF W B HEILIG FIELD AIRPORT, NE US","2025-01-12","31","35","26",
"USW00024028","SCOTTSBLUFF W B HEILIG FIELD AIRPORT, NE US","2025-01-13","27","40","13",
"USW00024028","SCOTTSBLUFF W B HEILIG FIELD AIRPORT, NE US","2025-01-14","24","36","12",
"USW00024028","SCOTTSBLUFF W B HEILIG FIELD AIRPORT, NE US","2025-01-15","29","49","12",
"USW00024028","SCOTTSBLUFF W B HEILIG FIELD AIRPORT, NE US","2025-01-16","35","59","19",
"USW00024028","SCOTTSBLUFF W B HEILIG FIELD AIRPORT, NE US","2025-01-17","39","50","20",
"USW00024028","SCOTTSBLUFF W B HEILIG FIELD AIRPORT, NE US","2025-01-18","18","20","-1",
"USW00024028","SCOTTSBLUFF W B HEILIG FIELD AIRPORT, NE US","2025-01-19","4","17","-8",
"USW00024028","SCOTTSBLUFF W B HEILIG FIELD AIRPORT, NE US","2025-01-20","3","8","-12",
"USW00024028","SCOTTSBLUFF W B HEILIG FIELD AIRPORT, NE US","2025-01-21","6","37","-12",
"USW00024028","SCOTTSBLUFF W B HEILIG FIELD AIRPORT, NE US","2025-01-22","28","34","19",
"USW00024028","SCOTTSBLUFF W B HEILIG FIELD AIRPORT, NE US","2025-01-23","27","35","16",
"USW00024028","SCOTTSBLUFF W B HEILIG FIELD AIRPORT, NE US","2025-01-24","30","42","19",
"USW00024028","SCOTTSBLUFF W B HEILIG FIELD AIRPORT, NE US","2025-01-25","23","27","15",
"USW00024028","SCOTTSBLUFF W B HEILIG FIELD AIRPORT, NE US","2025-01-26","19","30","9",
"USW00024028","SCOTTSBLUFF W B HEILIG FIELD AIRPORT, NE US","2025-01-27","21","52","3",
"USW00024028","SCOTTSBLUFF W B HEILIG FIELD AIRPORT, NE US","2025-01-28","32","57","14",
"USW00024028","SCOTTSBLUFF W B HEILIG FIELD AIRPORT, NE US","2025-01-29","32","57","14",
"USW00024028","SCOTTSBLUFF W B HEILIG FIELD AIRPORT, NE US","2025-01-30","34","58","16",
"USW00024028","SCOTTSBLUFF W B HEILIG FIELD AIRPORT, NE US","2025-01-31","34","62","20",
"USW00024028","SCOTTSBLUFF W B HEILIG FIELD AIRPORT, NE US","2025-02-01","51","58","41",
"USW00024028","SCOTTSBLUFF W B HEILIG FIELD AIRPORT, NE US","2025-02-02","47","65","37",
"USW00024028","SCOTTSBLUFF W B HEILIG FIELD AIRPORT, NE US","2025-02-03","33","51","12",
"USW00024028","SCOTTSBLUFF W B HEILIG FIELD AIRPORT, NE US","2025-02-04","16","29","10",
"USW00024028","SCOTTSBLUFF W B HEILIG FIELD AIRPORT, NE US","2025-02-05","24","66","15",
"USW00024028","SCOTTSBLUFF W B HEILIG FIELD AIRPORT, NE US","2025-02-06","32","48","14",
"USW00024028","SCOTTSBLUFF W B HEILIG FIELD AIRPORT, NE US","2025-02-07","33","53","21",
"USW00024028","SCOTTSBLUFF W B HEILIG FIELD AIRPORT, NE US","2025-02-08","24","34","7",
"USW00024028","SCOTTSBLUFF W B HEILIG FIELD AIRPORT, NE US","2025-02-09","24","44","7",
"USW00024028","SCOTTSBLUFF W B HEILIG FIELD AIRPORT, NE US","2025-02-10","20","26","6",
"USW00024028","SCOTTSBLUFF W B HEILIG FIELD AIRPORT, NE US","2025-02-11","8","12","5",
"USW00024028","SCOTTSBLUFF W B HEILIG FIELD AIRPORT, NE US","2025-02-12","8","14","-4",
"USW00024028","SCOTTSBLUFF W B HEILIG FIELD AIRPORT, NE US","2025-02-13","7","38","-13",
"USW00024028","SCOTTSBLUFF W B HEILIG FIELD AIRPORT, NE US","2025-02-14","30","50","20",
"USW00024028","SCOTTSBLUFF W B HEILIG FIELD AIRPORT, NE US","2025-02-15","22","23","11",
"USW00024028","SCOTTSBLUFF W B HEILIG FIELD AIRPORT, NE US","2025-02-16","17","28","7",
"USW00024028","SCOTTSBLUFF W B HEILIG FIELD AIRPORT, NE US","2025-02-17","13","18","0",
"USW00024028","SCOTTSBLUFF W B HEILIG FIELD AIRPORT, NE US","2025-02-18","-1","0","-5",
"USW00024028","SCOTTSBLUFF W B HEILIG FIELD AIRPORT, NE US","2025-02-19","-4","3","-18",
"USW00024028","SCOTTSBLUFF W B HEILIG FIELD AIRPORT, NE US","2025-02-20","2","20","-4",
"USW00024028","SCOTTSBLUFF W B HEILIG FIELD AIRPORT, NE US","2025-02-21","16","40","-1",
"USW00024028","SCOTTSBLUFF W B HEILIG FIELD AIRPORT, NE US","2025-02-22","28","50","14",
"USW00024028","SCOTTSBLUFF W B HEILIG FIELD AIRPORT, NE US","2025-02-23","42","61","24",
"USW00024028","SCOTTSBLUFF W B HEILIG FIELD AIRPORT, NE US","2025-02-24","54","66","34",
"USW00024028","SCOTTSBLUFF W B HEILIG FIELD AIRPORT, NE US","2025-02-25","46","69","30",
"USW00024028","SCOTTSBLUFF W B HEILIG FIELD AIRPORT, NE US","2025-02-26","39","53","24",
"USW00024028","SCOTTSBLUFF W B HEILIG FIELD AIRPORT, NE US","2025-02-27","40","66","23",
"USW00024028","SCOTTSBLUFF W B HEILIG FIELD AIRPORT, NE US","2025-02-28","48","62","30",
"USW00024028","SCOTTSBLUFF W B HEILIG FIELD AIRPORT, NE US","2025-03-01","42","66","23",
"USW00024028","SCOTTSBLUFF W B HEILIG FIELD AIRPORT, NE US","2025-03-02","42","62","24",
"USW00024028","SCOTTSBLUFF W B HEILIG FIELD AIRPORT, NE US","2025-03-03","45","64","30",
"USW00024028","SCOTTSBLUFF W B HEILIG FIELD AIRPORT, NE US","2025-03-04","42","44","22",
"USW00024028","SCOTTSBLUFF W B HEILIG FIELD AIRPORT, NE US","2025-03-05","32","57","16",
"USW00024028","SCOTTSBLUFF W B HEILIG FIELD AIRPORT, NE US","2025-03-06","37","49","29",
"USW00024028","SCOTTSBLUFF W B HEILIG FIELD AIRPORT, NE US","2025-03-07","29","36","21",
"USW00024028","SCOTTSBLUFF W B HEILIG FIELD AIRPORT, NE US","2025-03-08","29","50","16",
"USW00024028","SCOTTSBLUFF W B HEILIG FIELD AIRPORT, NE US","2025-03-09","42","67","28",
"USW00024028","SCOTTSBLUFF W B HEILIG FIELD AIRPORT, NE US","2025-03-10","49","71","29",
"USW00024028","SCOTTSBLUFF W B HEILIG FIELD AIRPORT, NE US","2025-03-11","48","71","28",
"USW00024028","SCOTTSBLUFF W B HEILIG FIELD AIRPORT, NE US","2025-03-12","48","70","29",
"USW00024028","SCOTTSBLUFF W B HEILIG FIELD AIRPORT, NE US","2025-03-13","48","71","26",
"USW00024028","SCOTTSBLUFF W B HEILIG FIELD AIRPORT, NE US","2025-03-14","48","52","28",
"USW00024028","SCOTTSBLUFF W B HEILIG FIELD AIRPORT, NE US","2025-03-15","36","50","19",
"USW00024028","SCOTTSBLUFF W B HEILIG FIELD AIRPORT, NE US","2025-03-16","42","62","24",
"USW00024028","SCOTTSBLUFF W B HEILIG FIELD AIRPORT, NE US","2025-03-17","57","71","36",
"USW00024028","SCOTTSBLUFF W B HEILIG FIELD AIRPORT, NE US","2025-03-18","45","56","30",
"USW00024028","SCOTTSBLUFF W B HEILIG FIELD AIRPORT, NE US","2025-03-19","35","45","18",
"USW00024028","SCOTTSBLUFF W B HEILIG FIELD AIRPORT, NE US","2025-03-20","34","60","13",
"USW00024028","SCOTTSBLUFF W B HEILIG FIELD AIRPORT, NE US","2025-03-21","44","57","23",
"USW00024028","SCOTTSBLUFF W B HEILIG FIELD AIRPORT, NE US","2025-03-22","47","63","30",
"USW00024028","SCOTTSBLUFF W B HEILIG FIELD AIRPORT, NE US","2025-03-23","41","56","23",
"USW00024028","SCOTTSBLUFF W B HEILIG FIELD AIRPORT, NE US","2025-03-24","49","71","30",
"USW00024028","SCOTTSBLUFF W B HEILIG FIELD AIRPORT, NE US","2025-03-25","54","71","34",
"USW00024028","SCOTTSBLUFF W B HEILIG FIELD AIRPORT, NE US","2025-03-26","53","79","33",
"USW00024028","SCOTTSBLUFF W B HEILIG FIELD AIRPORT, NE US","2025-03-27","58","83","34",
"USW00024028","SCOTTSBLUFF W B HEILIG FIELD AIRPORT, NE US","2025-03-28","63","79","41",
"USW00024028","SCOTTSBLUFF W B HEILIG FIELD AIRPORT, NE US","2025-03-29","46","49","33",
"USW00024028","SCOTTSBLUFF W B HEILIG FIELD AIRPORT, NE US","2025-03-30","35","44","32",
"USW00024028","SCOTTSBLUFF W B HEILIG FIELD AIRPORT, NE US","2025-03-31","37","48","32",
"USW00024028","SCOTTSBLUFF W B HEILIG FIELD AIRPORT, NE US","2025-04-01","43","54","36",
"USW00024028","SCOTTSBLUFF W B HEILIG FIELD AIRPORT, NE US","2025-04-02","42","53","29",
"USW00024028","SCOTTSBLUFF W B HEILIG FIELD AIRPORT, NE US","2025-04-03","38","52","24",
"USW00024028","SCOTTSBLUFF W B HEILIG FIELD AIRPORT, NE US","2025-04-04","36","38","27",
"USW00024028","SCOTTSBLUFF W B HEILIG FIELD AIRPORT, NE US","2025-04-05","33","49","19",
"USW00024028","SCOTTSBLUFF W B HEILIG FIELD AIRPORT, NE US","2025-04-06","40","64","20",
"USW00024028","SCOTTSBLUFF W B HEILIG FIELD AIRPORT, NE US","2025-04-07","48","72","27",
"USW00024028","SCOTTSBLUFF W B HEILIG FIELD AIRPORT, NE US","2025-04-08","56","76","34",
"USW00024028","SCOTTSBLUFF W B HEILIG FIELD AIRPORT, NE US","2025-04-09","56","70","36",
"USW00024028","SCOTTSBLUFF W B HEILIG FIELD AIRPORT, NE US","2025-04-10","50","71","30",
"USW00024028","SCOTTSBLUFF W B HEILIG FIELD AIRPORT, NE US","2025-04-11","55","84","34",
"USW00024028","SCOTTSBLUFF W B HEILIG FIELD AIRPORT, NE US","2025-04-12","64","82","46",
"USW00024028","SCOTTSBLUFF W B HEILIG FIELD AIRPORT, NE US","2025-04-13","58","61","36",
"USW00024028","SCOTTSBLUFF W B HEILIG FIELD AIRPORT, NE US","2025-04-14","45","61","26",
"USW00024028","SCOTTSBLUFF W B HEILIG FIELD AIRPORT, NE US","2025-04-15","47","76","24",
"USW00024028","SCOTTSBLUFF W B HEILIG FIELD AIRPORT, NE US","2025-04-16","59","82","36",
"USW00024028","SCOTTSBLUFF W B HEILIG FIELD AIRPORT, NE US","2025-04-17","57","64","33",
"USW00024028","SCOTTSBLUFF W B HEILIG FIELD AIRPORT, NE US","2025-04-18","36","42","26",
"USW00024028","SCOTTSBLUFF W B HEILIG FIELD AIRPORT, NE US","2025-04-19","37","56","20",
"USC00257667","SCOTTSBLUFF 1 E, NE US","2024-04-19",,"47","30","34"
"USC00257667","SCOTTSBLUFF 1 E, NE US","2024-04-20",,"45","26","27"
"USC00257667","SCOTTSBLUFF 1 E, NE US","2024-04-21",,"42","19","27"
"USC00257667","SCOTTSBLUFF 1 E, NE US","2024-04-22",,"65","27","57"
"USC00257667","SCOTTSBLUFF 1 E, NE US","2024-04-23",,"69","38","55"
"USC00257667","SCOTTSBLUFF 1 E, NE US","2024-04-24",,"65","40","61"
"USC00257667","SCOTTSBLUFF 1 E, NE US","2024-04-25",,"77","45","59"
"USC00257667","SCOTTSBLUFF 1 E, NE US","2024-04-26",,"76","49","56"
"USC00257667","SCOTTSBLUFF 1 E, NE US","2024-04-27",,"68","41","43"
"USC00257667","SCOTTSBLUFF 1 E, NE US","2024-04-28",,"48","38","39"
"USC00257667","SCOTTSBLUFF 1 E, NE US","2024-04-29",,"58","39","54"
"USC00257667","SCOTTSBLUFF 1 E, NE US","2024-04-30",,"71","46","56"
"USC00257667","SCOTTSBLUFF 1 E, NE US","2024-05-01",,"62","42","51"
"USC00257667","SCOTTSBLUFF 1 E, NE US","2024-05-02",,"61","33","47"
"USC00257667","SCOTTSBLUFF 1 E, NE US","2024-05-03",,"60","42","58"
"USC00257667","SCOTTSBLUFF 1 E, NE US","2024-05-04",,"65","30","30"
"USC00257667","SCOTTSBLUFF 1 E, NE US","2024-05-05",,"65","27","46"
"USC00257667","SCOTTSBLUFF 1 E, NE US","2024-05-06",,"71","46","52"
"USC00257667","SCOTTSBLUFF 1 E, NE US","2024-05-07",,"55","44","54"
"USC00257667","SCOTTSBLUFF 1 E, NE US","2024-05-08",,"64","41","52"
"USC00257667","SCOTTSBLUFF 1 E, NE US","2024-05-09",,"56","40","44"
"USC00257667","SCOTTSBLUFF 1 E, NE US","2024-05-10",,"57","40","54"
"USC00257667","SCOTTSBLUFF 1 E, NE US","2024-05-11",,"66","38","38"
"USC00257667","SCOTTSBLUFF 1 E, NE US","2024-05-12",,"74","37","49"
"USC00257667","SCOTTSBLUFF 1 E, NE US","2024-05-13",,"77","44","59"
"USC00257667","SCOTTSBLUFF 1 E, NE US","2024-05-14",,"80","46","67"
"USC00257667","SCOTTSBLUFF 1 E, NE US","2024-05-15",,"76","48","55"
"USC00257667","SCOTTSBLUFF 1 E, NE US","2024-05-16",,"66","39","60"
"USC00257667","SCOTTSBLUFF 1 E, NE US","2024-05-17",,"80","45","74"
"USC00257667","SCOTTSBLUFF 1 E, NE US","2024-05-18",,"86","45","45"
"USC00257667","SCOTTSBLUFF 1 E, NE US","2024-05-19",,"76","44","64"
"USC00257667","SCOTTSBLUFF 1 E, NE US","2024-05-20",,"82","47","54"
"USC00257667","SCOTTSBLUFF 1 E, NE US","2024-05-21",,"69","43","49"
"USC00257667","SCOTTSBLUFF 1 E, NE US","2024-05-22",,"61","38","57"
"USC00257667","SCOTTSBLUFF 1 E, NE US","2024-05-23",,"72","46","66"
"USC00257667","SCOTTSBLUFF 1 E, NE US","2024-05-24",,"73","43","54"
"USC00257667","SCOTTSBLUFF 1 E, NE US","2024-05-25",,"73","48","56"
"USC00257667","SCOTTSBLUFF 1 E, NE US","2024-05-26",,"70","50","58"
"USC00257667","SCOTTSBLUFF 1 E, NE US","2024-05-27",,"73","45","61"
"USC00257667","SCOTTSBLUFF 1 E, NE US","2024-05-28",,"76","45","66"
"USC00257667","SCOTTSBLUFF 1 E, NE US","2024-05-29",,"80","52","70"
"USC00257667","SCOTTSBLUFF 1 E, NE US","2024-05-30",,"87","53","65"
"USC00257667","SCOTTSBLUFF 1 E, NE US","2024-05-31",,"77","48","52"
"USC00257667","SCOTTSBLUFF 1 E, NE US","2024-06-01",,"69","52","57"
"USC00257667","SCOTTSBLUFF 1 E, NE US","2024-06-02",,"83","54","65"
"USC00257667","SCOTTSBLUFF 1 E, NE US","2024-06-03",,"87","49","69"
"USC00257667","SCOTTSBLUFF 1 E, NE US","2024-06-04",,"91","58","67"
"USC00257667","SCOTTSBLUFF 1 E, NE US","2024-06-05",,"80","46","78"
"USC00257667","SCOTTSBLUFF 1 E, NE US","2024-06-06",,"89","50","73"
"USC00257667","SCOTTSBLUFF 1 E, NE US","2024-06-07",,"91","60","73"
"USC00257667","SCOTTSBLUFF 1 E, NE US","2024-06-08",,"93","58","59"
"USC00257667","SCOTTSBLUFF 1 E, NE US","2024-06-09",,"71","54","57"
"USC00257667","SCOTTSBLUFF 1 E, NE US","2024-06-10",,"77","57","67"
"USC00257667","SCOTTSBLUFF 1 E, NE US","2024-06-11",,"91","53","73"
"USC00257667","SCOTTSBLUFF 1 E, NE US","2024-06-12",,"87","63","85"
"USC00257667","SCOTTSBLUFF 1 E, NE US","2024-06-13",,"98","63","72"
"USC00257667","SCOTTSBLUFF 1 E, NE US","2024-06-14",,"86","64","77"
"USC00257667","SCOTTSBLUFF 1 E, NE US","2024-06-15",,"80","60","60"
"USC00257667","SCOTTSBLUFF 1 E, NE US","2024-06-16",,"95","57","60"
"USC00257667","SCOTTSBLUFF 1 E, NE US","2024-06-17",,"81","55","58"
"USC00257667","SCOTTSBLUFF 1 E, NE US","2024-06-18",,"86","55","59"
"USC00257667","SCOTTSBLUFF 1 E, NE US","2024-06-19",,"74","44","59"
"USC00257667","SCOTTSBLUFF 1 E, NE US","2024-06-20",,"72","58","70"
"USC00257667","SCOTTSBLUFF 1 E, NE US","2024-06-21",,"94","58","66"
"USC00257667","SCOTTSBLUFF 1 E, NE US","2024-06-22",,"76","56","56"
"USC00257667","SCOTTSBLUFF 1 E, NE US","2024-06-23",,"89","56","68"
"USC00257667","SCOTTSBLUFF 1 E, NE US","2024-06-24",,"100","60","84"
"USC00257667","SCOTTSBLUFF 1 E, NE US","2024-06-25",,"100","58","84"
"USC00257667","SCOTTSBLUFF 1 E, NE US","2024-06-26",,"98","61","78"
"USC00257667","SCOTTSBLUFF 1 E, NE US","2024-06-27",,"90","63","81"
"USC00257667","SCOTTSBLUFF 1 E, NE US","2024-06-28",,"95","60","74"
"USC00257667","SCOTTSBLUFF 1 E, NE US","2024-06-29",,"93","55","55"
"USC00257667","SCOTTSBLUFF 1 E, NE US","2024-06-30",,"80","55","67"
"USC00257667","SCOTTSBLUFF 1 E, NE US","2024-07-01",,"87","64","71"
"USC00257667","SCOTTSBLUFF 1 E, NE US","2024-07-02",,"89","60","69"
"USC00257667","SCOTTSBLUFF 1 E, NE US","2024-07-03",,"83","55","75"
"USC00257667","SCOTTSBLUFF 1 E, NE US","2024-07-04",,"91","51","75"
"USC00257667","SCOTTSBLUFF 1 E, NE US","2024-07-05",,"79","57","69"
"USC00257667","SCOTTSBLUFF 1 E, NE US","2024-07-06",,"83","57","57"
"USC00257667","SCOTTSBLUFF 1 E, NE US","2024-07-07",,"88","55","60"
"USC00257667","SCOTTSBLUFF 1 E, NE US","2024-07-08",,"80","51","66"
"USC00257667","SCOTTSBLUFF 1 E, NE US","2024-07-09",,"85","54","70"
"USC00257667","SCOTTSBLUFF 1 E, NE US","2024-07-10",,"91","57","79"
"USC00257667","SCOTTSBLUFF 1 E, NE US","2024-07-11",,"91","59","79"
"USC00257667","SCOTTSBLUFF 1 E, NE US","2024-07-12",,"98","65","81"
"USC00257667","SCOTTSBLUFF 1 E, NE US","2024-07-13",,"98","68","68"
"USC00257667","SCOTTSBLUFF 1 E, NE US","2024-07-14",,"101","65","70"
"USC00257667","SCOTTSBLUFF 1 E, NE US","2024-07-15",,"100","70","82"
"USC00257667","SCOTTSBLUFF 1 E, NE US","2024-07-16",,"92","62","75"
"USC00257667","SCOTTSBLUFF 1 E, NE US","2024-07-17",,"93","62","75"
"USC00257667","SCOTTSBLUFF 1 E, NE US","2024-07-18",,"88","55","71"
"USC00257667","SCOTTSBLUFF 1 E, NE US","2024-07-19",,"93","64","78"
"USC00257667","SCOTTSBLUFF 1 E, NE US","2024-07-20",,"93","65","65"
"USC00257667","SCOTTSBLUFF 1 E, NE US","2024-07-21",,"83","58","64"
"USC00257667","SCOTTSBLUFF 1 E, NE US","2024-07-22",,"79","56","68"
"USC00257667","SCOTTSBLUFF 1 E, NE US","2024-07-23",,"86","58","77"
"USC00257667","SCOTTSBLUFF 1 E, NE US","2024-07-24",,"92","60","78"
"USC00257667","SCOTTSBLUFF 1 E, NE US","2024-07-25",,"98","59","79"
"USC00257667","SCOTTSBLUFF 1 E, NE US","2024-07-26",,"103","65","80"
"USC00257667","SCOTTSBLUFF 1 E, NE US","2024-07-27",,"97","60","60"
"USC00257667","SCOTTSBLUFF 1 E, NE US","2024-07-28",,"94","59","66"
"USC00257667","SCOTTSBLUFF 1 E, NE US","2024-07-29",,"96","56","72"
"USC00257667","SCOTTSBLUFF 1 E, NE US","2024-07-30",,"98","61","81"
"USC00257667","SCOTTSBLUFF 1 E, NE US","2024-07-31",,"99","69","80"
"USC00257667","SCOTTSBLUFF 1 E, NE US","2024-08-01",,"93","59","77"
"USC00257667","SCOTTSBLUFF 1 E, NE US","2024-08-02",,"95","66","80"
"USC00257667","SCOTTSBLUFF 1 E, NE US","2024-08-03",,"98","59","59"
"USC00257667","SCOTTSBLUFF 1 E, NE US","2024-08-04",,"100","59","73"
"USC00257667","SCOTTSBLUFF 1 E, NE US","2024-08-05",,"104","69","78"
"USC00257667","SCOTTSBLUFF 1 E, NE US","2024-08-06",,"95","61","74"
"USC00257667","SCOTTSBLUFF 1 E, NE US","2024-08-07",,"96","63","75"
"USC00257667","SCOTTSBLUFF 1 E, NE US","2024-08-08",,"89","59","61"
"USC00257667","SCOTTSBLUFF 1 E, NE US","2024-08-09",,"63","52","53"
"USC00257667","SCOTTSBLUFF 1 E, NE US","2024-08-10",,"59","53","53"
"USC00257667","SCOTTSBLUFF 1 E, NE US","2024-08-11",,"75","52","60"
"USC00257667","SCOTTSBLUFF 1 E, NE US","2024-08-12",,"87","55","66"
"USC00257667","SCOTTSBLUFF 1 E, NE US","2024-08-13",,"79","63","76"
"USC00257667","SCOTTSBLUFF 1 E, NE US","2024-08-14",,"86","58","76"
"USC00257667","SCOTTSBLUFF 1 E, NE US","2024-08-15",,"89","57","72"
"USC00257667","SCOTTSBLUFF 1 E, NE US","2024-08-16",,"86","59","76"
"USC00257667","SCOTTSBLUFF 1 E, NE US","2024-08-17",,"90","61","61"
"USC00257667","SCOTTSBLUFF 1 E, NE US","2024-08-18",,"94","59","67"
"USC00257667","SCOTTSBLUFF 1 E, NE US","2024-08-19",,"92","67","74"
"USC00257667","SCOTTSBLUFF 1 E, NE US","2024-08-20",,"90","62","78"
"USC00257667","SCOTTSBLUFF 1 E, NE US","2024-08-21",,"95","65","78"
"USC00257667","SCOTTSBLUFF 1 E, NE US","2024-08-22",,"97","60","69"
"USC00257667","SCOTTSBLUFF 1 E, NE US","2024-08-23",,"82","60","72"
"USC00257667","SCOTTSBLUFF 1 E, NE US","2024-08-24",,"88","61","61"
"USC00257667","SCOTTSBLUFF 1 E, NE US","2024-08-25",,"91","60","65"
"USC00257667","SCOTTSBLUFF 1 E, NE US","2024-08-26",,"91","61","66"
"USC00257667","SCOTTSBLUFF 1 E, NE US","2024-08-27",,"84","53","67"
"USC00257667","SCOTTSBLUFF 1 E, NE US","2024-08-28",,"84","58","77"
"USC00257667","SCOTTSBLUFF 1 E, NE US","2024-08-29",,"97","55","66"
"USC00257667","SCOTTSBLUFF 1 E, NE US","2024-08-30",,"83","46","66"
"USC00257667","SCOTTSBLUFF 1 E, NE US","2024-08-31",,"86","55","55"
"USC00257667","SCOTTSBLUFF 1 E, NE US","2024-09-01",,"92","52","58"
"USC00257667","SCOTTSBLUFF 1 E, NE US","2024-09-02",,"90","56","73"
"USC00257667","SCOTTSBLUFF 1 E, NE US","2024-09-03",,"94","54","71"
"USC00257667","SCOTTSBLUFF 1 E, NE US","2024-09-04",,"96","64","74"
"USC00257667","SCOTTSBLUFF 1 E, NE US","2024-09-05",,"77","55","68"
"USC00257667","SCOTTSBLUFF 1 E, NE US","2024-09-06",,"80","52","72"
"USC00257667","SCOTTSBLUFF 1 E, NE US","2024-09-07",,"86","53","53"
"USC00257667","SCOTTSBLUFF 1 E, NE US","2024-09-08",,"83","51","58"
"USC00257667","SCOTTSBLUFF 1 E, NE US","2024-09-09",,"91","52","64"
"USC00257667","SCOTTSBLUFF 1 E, NE US","2024-09-10",,"96","57","77"
"USC00257667","SCOTTSBLUFF 1 E, NE US","2024-09-11",,"92","53","71"
"USC00257667","SCOTTSBLUFF 1 E, NE US","2024-09-12",,"87","54","67"
"USC00257667","SCOTTSBLUFF 1 E, NE US","2024-09-13",,"90","54","68"
"USC00257667","SCOTTSBLUFF 1 E, NE US","2024-09-14",,"81","50","50"
"USC00257667","SCOTTSBLUFF 1 E, NE US","2024-09-15",,"88","49","58"
"USC00257667","SCOTTSBLUFF 1 E, NE US","2024-09-16",,"89","55","67"
"USC00257667","SCOTTSBLUFF 1 E, NE US","2024-09-17",,"87","51","70"
"USC00257667","SCOTTSBLUFF 1 E, NE US","2024-09-18",,"92","47","64"
"USC00257667","SCOTTSBLUFF 1 E, NE US","2024-09-19",,"84","47","66"
"USC00257667","SCOTTSBLUFF 1 E, NE US","2024-09-20",,"80","46","64"
"USC00257667","SCOTTSBLUFF 1 E, NE US","2024-09-21",,"89","53","55"
"USC00257667","SCOTTSBLUFF 1 E, NE US","2024-09-22",,"70","41","41"
"USC00257667","SCOTTSBLUFF 1 E, NE US","2024-09-23",,"70","40","52"
"USC00257667","SCOTTSBLUFF 1 E, NE US","2024-09-24",,"83","52","63"
"USC00257667","SCOTTSBLUFF 1 E, NE US","2024-09-25",,"80","44","63"
"USC00257667","SCOTTSBLUFF 1 E, NE US","2024-09-26",,"92","49","67"
"USC00257667","SCOTTSBLUFF 1 E, NE US","2024-09-27",,"96","57","66"
"USC00257667","SCOTTSBLUFF 1 E, NE US","2024-09-28",,"87","50","50"
"USC00257667","SCOTTSBLUFF 1 E, NE US","2024-09-29",,"94","47","70"
"USC00257667","SCOTTSBLUFF 1 E, NE US","2024-09-30",,"96","53","64"
"USC00257667","SCOTTSBLUFF 1 E, NE US","2024-10-01",,"68","33","52"
"USC00257667","SCOTTSBLUFF 1 E, NE US","2024-10-02",,"80","41","73"
"USC00257667","SCOTTSBLUFF 1 E, NE US","2024-10-03",,"90","50","55"
"USC00257667","SCOTTSBLUFF 1 E, NE US","2024-10-04",,"66","38","62"
"USC00257667","SCOTTSBLUFF 1 E, NE US","2024-10-05",,"88","44","44"
"USC00257667","SCOTTSBLUFF 1 E, NE US","2024-10-06",,"74","37","37"
"USC00257667","SCOTTSBLUFF 1 E, NE US","2024-10-07",,"74","37","50"
"USC00257667","SCOTTSBLUFF 1 E, NE US","2024-10-08",,"81","38","56"
"USC00257667","SCOTTSBLUFF 1 E, NE US","2024-10-09",,"80","38","57"
"USC00257667","SCOTTSBLUFF 1 E, NE US","2024-10-10",,"84","41","56"
"USC00257667","SCOTTSBLUFF 1 E, NE US","2024-10-11",,"87","50","55"
"USC00257667","SCOTTSBLUFF 1 E, NE US","2024-10-12",,"68","44","47"
"USC00257667","SCOTTSBLUFF 1 E, NE US","2024-10-13",,"79","36","37"
"USC00257667","SCOTTSBLUFF 1 E, NE US","2024-10-14",,"64","32","41"
"USC00257667","SCOTTSBLUFF 1 E, NE US","2024-10-15",,"77","36","42"
"USC00257667","SCOTTSBLUFF 1 E, NE US","2024-10-16",,"62","36","50"
"USC00257667","SCOTTSBLUFF 1 E, NE US","2024-10-17",,"81","38","59"
"USC00257667","SCOTTSBLUFF 1 E, NE US","2024-10-18",,"81","41","44"
"USC00257667","SCOTTSBLUFF 1 E, NE US","2024-10-19",,"46","37","37"
"USC00257667","SCOTTSBLUFF 1 E, NE US","2024-10-20",,"69","35","44"
"USC00257667","SCOTTSBLUFF 1 E, NE US","2024-10-21",,"73","43","46"
"USC00257667","SCOTTSBLUFF 1 E, NE US","2024-10-22",,"71","45","61"
"USC00257667","SCOTTSBLUFF 1 E, NE US","2024-10-23",,"74","33","51"
"USC00257667","SCOTTSBLUFF 1 E, NE US","2024-10-24",,"75","41","51"
"USC00257667","SCOTTSBLUFF 1 E, NE US","2024-10-25",,"63","28","47"
"USC00257667","SCOTTSBLUFF 1 E, NE US","2024-10-26",,"69","36","37"
"USC00257667","SCOTTSBLUFF 1 E, NE US","2024-10-27",,"77","31","32"
"USC00257667","SCOTTSBLUFF 1 E, NE US","2024-10-28",,"80","32","53"
"USC00257667","SCOTTSBLUFF 1 E, NE US","2024-10-29",,"59","39","44"
"USC00257667","SCOTTSBLUFF 1 E, NE US","2024-10-30",,"50","37","38"
"USC00257667","SCOTTSBLUFF 1 E, NE US","2024-10-31",,"42","24","32"
"USC00257667","SCOTTSBLUFF 1 E, NE US","2024-11-01",,"58","27","48"
"USC00257667","SCOTTSBLUFF 1 E, NE US","2024-11-02",,"57","27","27"
"USC00257667","SCOTTSBLUFF 1 E, NE US","2024-11-03",,"67","26","41"
"USC00257667","SCOTTSBLUFF 1 E, NE US","2024-11-04",,"58","33","40"
"USC00257667","SCOTTSBLUFF 1 E, NE US","2024-11-05",,"52","24","49"
"USC00257667","SCOTTSBLUFF 1 E, NE US","2024-11-06",,"54","31","32"
"USC00257667","SCOTTSBLUFF 1 E, NE US","2024-11-07",,"37","13","36"
"USC00257667","SCOTTSBLUFF 1 E, NE US","2024-11-08",,"48","29","38"
"USC00257667","SCOTTSBLUFF 1 E, NE US","2024-11-09",,"41","35","40"
"USC00257667","SCOTTSBLUFF 1 E, NE US","2024-11-10",,"44","34","40"
"USC00257667","SCOTTSBLUFF 1 E, NE US","2024-11-11",,"66","28","41"
"USC00257667","SCOTTSBLUFF 1 E, NE US","2024-11-12",,"64","33","41"
"USC00257667","SCOTTSBLUFF 1 E, NE US","2024-11-13",,"49","32","44"
"USC00257667","SCOTTSBLUFF 1 E, NE US","2024-11-14",,"52","30","49"
"USC00257667","SCOTTSBLUFF 1 E, NE US","2024-11-15",,"65","25","38"
"USC00257667","SCOTTSBLUFF 1 E, NE US","2024-11-16",,"56","24","24"
"USC00257667","SCOTTSBLUFF 1 E, NE US","2024-11-17",,"52","18","23"
"USC00257667","SCOTTSBLUFF 1 E, NE US","2024-11-18",,"58","22","36"
"USC00257667","SCOTTSBLUFF 1 E, NE US","2024-11-19",,"58","26","37"
"USC00257667","SCOTTSBLUFF 1 E, NE US","2024-11-20",,"42","16","37"
"USC00257667","SCOTTSBLUFF 1 E, NE US","2024-11-21",,"48","15","33"
"USC00257667","SCOTTSBLUFF 1 E, NE US","2024-11-22",,"61","23","39"
"USC00257667","SCOTTSBLUFF 1 E, NE US","2024-11-23",,"66","25","27"
"USC00257667","SCOTTSBLUFF 1 E, NE US","2024-11-24",,"50","25","39"
"USC00257667","SCOTTSBLUFF 1 E, NE US","2024-11-25",,"41","12","22"
"USC00257667","SCOTTSBLUFF 1 E, NE US","2024-11-26",,"49","21","31"
"USC00257667","SCOTTSBLUFF 1 E, NE US","2024-11-27",,"47","31","34"
"USC00257667","SCOTTSBLUFF 1 E, NE US","2024-11-28",,"42","14","15"
"USC00257667","SCOTTSBLUFF 1 E, NE US","2024-11-29",,"38","13","20"
"USC00257667","SCOTTSBLUFF 1 E, NE US","2024-11-30",,"48","16","18"
"USC00257667","SCOTTSBLUFF 1 E, NE US","2024-12-01",,"47","16","17"
"USC00257667","SCOTTSBLUFF 1 E, NE US","2024-12-02",,"50","13","20"
"USC00257667","SCOTTSBLUFF 1 E, NE US","2024-12-03",,"43","16","34"
"USC00257667","SCOTTSBLUFF 1 E, NE US","2024-12-04",,"64","27","41"
"USC00257667","SCOTTSBLUFF 1 E, NE US","2024-12-05",,"56","18","31"
"USC00257667","SCOTTSBLUFF 1 E, NE US","2024-12-06",,"49","21","39"
"USC00257667","SCOTTSBLUFF 1 E, NE US","2024-12-07",,"59","19","19"
"USC00257667","SCOTTSBLUFF 1 E, NE US","2024-12-08",,"62","18","52"
"USC00257667","SCOTTSBLUFF 1 E, NE US","2024-12-09",,"57","21","31"
"USC00257667","SCOTTSBLUFF 1 E, NE US","2024-12-10",,"37","24","32"
"USC00257667","SCOTTSBLUFF 1 E, NE US","2024-12-11",,"38","21","35"
"USC00257667","SCOTTSBLUFF 1 E, NE US","2024-12-12",,"48","19","35"
"USC00257667","SCOTTSBLUFF 1 E, NE US","2024-12-13",,"51","17","24"
"USC00257667","SCOTTSBLUFF 1 E, NE US","2024-12-14",,"36","21","26"
"USC00257667","SCOTTSBLUFF 1 E, NE US","2024-12-15",,"60","19","45"
"USC00257667","SCOTTSBLUFF 1 E, NE US","2024-12-16",,"54","19","35"
"USC00257667","SCOTTSBLUFF 1 E, NE US","2024-12-17",,"49","28","41"
"USC00257667","SCOTTSBLUFF 1 E, NE US","2024-12-18",,"43","13","36"
"USC00257667","SCOTTSBLUFF 1 E, NE US","2024-12-19",,"55","32","44"
"USC00257667","SCOTTSBLUFF 1 E, NE US","2024-12-20",,"48","15","24"
"USC00257667","SCOTTSBLUFF 1 E, NE US","2024-12-21",,"46","19","20"
"USC00257667","SCOTTSBLUFF 1 E, NE US","2024-12-22",,"64","19","50"
"USC00257667","SCOTTSBLUFF 1 E, NE US","2024-12-23",,"62","29","33"
"USC00257667","SCOTTSBLUFF 1 E, NE US","2024-12-24",,"53","25","41"
"USC00257667","SCOTTSBLUFF 1 E, NE US","2024-12-25",,"56","28","32"
"USC00257667","SCOTTSBLUFF 1 E, NE US","2024-12-26",,"49","18","34"
"USC00257667","SCOTTSBLUFF 1 E, NE US","2024-12-27",,"55","23","42"
"USC00257667","SCOTTSBLUFF 1 E, NE US","2024-12-28",,"50","21","27"
"USC00257667","SCOTTSBLUFF 1 E, NE US","2024-12-29",,"53","20","21"
"USC00257667","SCOTTSBLUFF 1 E, NE US","2024-12-30",,"51","21","39"
"USC00257667","SCOTTSBLUFF 1 E, NE US","2024-12-31",,"43","17","25"
"USC00257667","SCOTTSBLUFF 1 E, NE US","2025-01-01",,"34","7","27"
"USC00257667","SCOTTSBLUFF 1 E, NE US","2025-01-02",,"37","20","26"
"USC00257667","SCOTTSBLUFF 1 E, NE US","2025-01-03",,"28","14","28"
"USC00257667","SCOTTSBLUFF 1 E, NE US","2025-01-04",,"35","23","23"
"USC00257667","SCOTTSBLUFF 1 E, NE US","2025-01-05",,"23","6","7"
"USC00257667","SCOTTSBLUFF 1 E, NE US","2025-01-06",,"14","6","13"
"USC00257667","SCOTTSBLUFF 1 E, NE US","2025-01-07",,"29","13","19"
"USC00257667","SCOTTSBLUFF 1 E, NE US","2025-01-08",,"24","-4","12"
"USC00257667","SCOTTSBLUFF 1 E, NE US","2025-01-09",,"38","12","28"
"USC00257667","SCOTTSBLUFF 1 E, NE US","2025-01-10",,"31","9","21"
"USC00257667","SCOTTSBLUFF 1 E, NE US","2025-01-11",,"42","21","36"
"USC00257667","SCOTTSBLUFF 1 E, NE US","2025-01-12",,"38","26","27"
"USC00257667","SCOTTSBLUFF 1 E, NE US","2025-01-13",,"33","15","21"
"USC00257667","SCOTTSBLUFF 1 E, NE US","2025-01-14",,"38","14","27"
"USC00257667","SCOTTSBLUFF 1 E, NE US","2025-01-15",,"35","18","28"
"USC00257667","SCOTTSBLUFF 1 E, NE US","2025-01-16",,"48","19","33"
"USC00257667","SCOTTSBLUFF 1 E, NE US","2025-01-17",,"58","32","35"
"USC00257667","SCOTTSBLUFF 1 E, NE US","2025-01-18",,"35","12","12"
"USC00257667","SCOTTSBLUFF 1 E, NE US","2025-01-19",,"16","-7","-5"
"USC00257667","SCOTTSBLUFF 1 E, NE US","2025-01-20",,"15","-7","-2"
"USC00257667","SCOTTSBLUFF 1 E, NE US","2025-01-21",,"7","-12","7"
"USC00257667","SCOTTSBLUFF 1 E, NE US","2025-01-22",,"35","7","25"
"USC00257667","SCOTTSBLUFF 1 E, NE US","2025-01-23",,"31","21","25"
"USC00257667","SCOTTSBLUFF 1 E, NE US","2025-01-24",,"34","19","34"
"USC00257667","SCOTTSBLUFF 1 E, NE US","2025-01-25",,"39","18","19"
"USC00257667","SCOTTSBLUFF 1 E, NE US","2025-01-26",,"24","12","14"
"USC00257667","SCOTTSBLUFF 1 E, NE US","2025-01-27",,"29","3","22"
"USC00257667","SCOTTSBLUFF 1 E, NE US","2025-01-28",,"50","16","33"
"USC00257667","SCOTTSBLUFF 1 E, NE US","2025-01-29",,"55","16","31"
"USC00257667","SCOTTSBLUFF 1 E, NE US","2025-01-30",,"56","18","41"
"USC00257667","SCOTTSBLUFF 1 E, NE US","2025-01-31",,"56","21","41"
"USC00257667","SCOTTSBLUFF 1 E, NE US","2025-02-01",,"60","41","46"
"USC00257667","SCOTTSBLUFF 1 E, NE US","2025-02-02",,"56","37","37"
"USC00257667","SCOTTSBLUFF 1 E, NE US","2025-02-03",,"63","19","20"
"USC00257667","SCOTTSBLUFF 1 E, NE US","2025-02-04",,"20","9","18"
"USC00257667","SCOTTSBLUFF 1 E, NE US","2025-02-05",,"28","14","25"
"USC00257667","SCOTTSBLUFF 1 E, NE US","2025-02-06",,"64","15","28"
"USC00257667","SCOTTSBLUFF 1 E, NE US","2025-02-07",,"47","22","34"
"USC00257667","SCOTTSBLUFF 1 E, NE US","2025-02-08",,"51","12","12"
"USC00257667","SCOTTSBLUFF 1 E, NE US","2025-02-09",,"34","9","11"
"USC00257667","SCOTTSBLUFF 1 E, NE US","2025-02-10",,"42","7","15"
"USC00257667","SCOTTSBLUFF 1 E, NE US","2025-02-11",,"23","3","6"
"USC00257667","SCOTTSBLUFF 1 E, NE US","2025-02-12",,"11","3","8"
"USC00257667","SCOTTSBLUFF 1 E, NE US","2025-02-13",,"15","-14","13"
"USC00257667","SCOTTSBLUFF 1 E, NE US","2025-02-14",,"38","13","29"
"USC00257667","SCOTTSBLUFF 1 E, NE US","2025-02-15",,"46","15","15"
"USC00257667","SCOTTSBLUFF 1 E, NE US","2025-02-16",,"20","8","10"
"USC00257667","SCOTTSBLUFF 1 E, NE US","2025-02-17",,"27","4","6"
"USC00257667","SCOTTSBLUFF 1 E, NE US","2025-02-18",,"8","-7","-5"
"USC00257667","SCOTTSBLUFF 1 E, NE US","2025-02-19",,"-4","-18","-4"
"USC00257667","SCOTTSBLUFF 1 E, NE US","2025-02-20",,"4","-17","4"
"USC00257667","SCOTTSBLUFF 1 E, NE US","2025-02-21",,"18","-1","18"
"USC00257667","SCOTTSBLUFF 1 E, NE US","2025-02-22",,"39","11","12"
"USC00257667","SCOTTSBLUFF 1 E, NE US","2025-02-23",,"51","12","29"
"USC00257667","SCOTTSBLUFF 1 E, NE US","2025-02-24",,"61","29","57"
"USC00257667","SCOTTSBLUFF 1 E, NE US","2025-02-25",,"65","28","49"
"USC00257667","SCOTTSBLUFF 1 E, NE US","2025-02-26",,"67","27","44"
"USC00257667","SCOTTSBLUFF 1 E, NE US","2025-02-27",,"52","21","47"
"USC00257667","SCOTTSBLUFF 1 E, NE US","2025-02-28",,"66","35","54"
"USC00257667","SCOTTSBLUFF 1 E, NE US","2025-03-01",,"61","23","24"
"USC00257667","SCOTTSBLUFF 1 E, NE US","2025-03-02",,"66","23","30"
"USC00257667","SCOTTSBLUFF 1 E, NE US","2025-03-03",,"63","28","42"
"USC00257667","SCOTTSBLUFF 1 E, NE US","2025-03-04",,"62","33","34"
"USC00257667","SCOTTSBLUFF 1 E, NE US","2025-03-05",,"37","19","36"
"USC00257667","SCOTTSBLUFF 1 E, NE US","2025-03-06",,"55","27","38"
"USC00257667","SCOTTSBLUFF 1 E, NE US","2025-03-07",,"46","23","27"
"USC00257667","SCOTTSBLUFF 1 E, NE US","2025-03-08",,"35","17","17"
"USC00257667","SCOTTSBLUFF 1 E, NE US","2025-03-09",,"49","16","31"
"USC00257667","SCOTTSBLUFF 1 E, NE US","2025-03-10",,"65","28","48"
"USC00257667","SCOTTSBLUFF 1 E, NE US","2025-03-11",,"69","27","44"
"USC00257667","SCOTTSBLUFF 1 E, NE US","2025-03-12",,"70","27","50"
"USC00257667","SCOTTSBLUFF 1 E, NE US","2025-03-13",,"69","28","48"
"USC00257667","SCOTTSBLUFF 1 E, NE US","2025-03-14",,"71","43","48"
"USC00257667","SCOTTSBLUFF 1 E, NE US","2025-03-15",,"48","25","25"
"USC00257667","SCOTTSBLUFF 1 E, NE US","2025-03-16",,"49","25","34"
"USC00257667","SCOTTSBLUFF 1 E, NE US","2025-03-17",,"61","34","57"
"USC00257667","SCOTTSBLUFF 1 E, NE US","2025-03-18",,"69","32","41"
"USC00257667","SCOTTSBLUFF 1 E, NE US","2025-03-19",,"53","28","33"
"USC00257667","SCOTTSBLUFF 1 E, NE US","2025-03-20",,"42","13","41"
"USC00257667","SCOTTSBLUFF 1 E, NE US","2025-03-21",,"58","28","41"
"USC00257667","SCOTTSBLUFF 1 E, NE US","2025-03-22",,"55","31","35"
"USC00257667","SCOTTSBLUFF 1 E, NE US","2025-03-23",,"61","27","29"
"USC00257667","SCOTTSBLUFF 1 E, NE US","2025-03-24",,"56","29","54"
"USC00257667","SCOTTSBLUFF 1 E, NE US","2025-03-25",,"67","36","54"
"USC00257667","SCOTTSBLUFF 1 E, NE US","2025-03-26",,"69","33","54"
"USC00257667","SCOTTSBLUFF 1 E, NE US","2025-03-27",,"78","37","55"
"USC00257667","SCOTTSBLUFF 1 E, NE US","2025-03-28",,"82","42","63"
"USC00257667","SCOTTSBLUFF 1 E, NE US","2025-03-29",,"76","40","40"
"USC00257667","SCOTTSBLUFF 1 E, NE US","2025-03-30",,"41","30","30"
"USC00257667","SCOTTSBLUFF 1 E, NE US","2025-03-31",,"43","30","31"
"USC00257667","SCOTTSBLUFF 1 E, NE US","2025-04-01",,"46","31","42"
"USC00257667","SCOTTSBLUFF 1 E, NE US","2025-04-02",,"53","35","41"
"USC00257667","SCOTTSBLUFF 1 E, NE US","2025-04-03",,"50","24","40"
"USC00257667","SCOTTSBLUFF 1 E, NE US","2025-04-04",,"50","31","31"
"USC00257667","SCOTTSBLUFF 1 E, NE US","2025-04-05",,"33","22","22"
"USC00257667","SCOTTSBLUFF 1 E, NE US","2025-04-06",,"48","20","27"
"USC00257667","SCOTTSBLUFF 1 E, NE US","2025-04-07",,"63","27","42"
"USC00257667","SCOTTSBLUFF 1 E, NE US","2025-04-08",,"70","35","63"
"USC00257667","SCOTTSBLUFF 1 E, NE US","2025-04-09",,"75","37","57"
"USC00257667","SCOTTSBLUFF 1 E, NE US","2025-04-10",,"68","33","53"
"USC00257667","SCOTTSBLUFF 1 E, NE US","2025-04-11",,"70","32","57"
"USC00257667","SCOTTSBLUFF 1 E, NE US","2025-04-12",,"83","45","45"
"USC00257667","SCOTTSBLUFF 1 E, NE US","2025-04-13",,"80","44","49"
"USC00257667","SCOTTSBLUFF 1 E, NE US","2025-04-14",,"59","30","42"
"USC00257667","SCOTTSBLUFF 1 E, NE US","2025-04-15",,"59","25","55"
"USC00257667","SCOTTSBLUFF 1 E, NE US","2025-04-16",,"74","35","67"
"USC00257667","SCOTTSBLUFF 1 E, NE US","2025-04-17",,"80","49","50"
"USC00257667","SCOTTSBLUFF 1 E, NE US","2025-04-18",,"55","30","35"
"US10scot039","SCOTTSBLUFF 1.5 NE, NE US","2024-04-19",,,,
"US10scot039","SCOTTSBLUFF 1.5 NE, NE US","2024-04-20",,,,
"US10scot039","SCOTTSBLUFF 1.5 NE, NE US","2024-04-21",,,,
"US10scot039","SCOTTSBLUFF 1.5 NE, NE US","2024-04-22",,,,
"US10scot039","SCOTTSBLUFF 1.5 NE, NE US","2024-04-23",,,,
"US10scot039","SCOTTSBLUFF 1.5 NE, NE US","2024-04-24",,,,
"US10scot039","SCOTTSBLUFF 1.5 NE, NE US","2024-04-25",,,,
"US10scot039","SCOTTSBLUFF 1.5 NE, NE US","2024-04-26",,,,
"US10scot039","SCOTTSBLUFF 1.5 NE, NE US","2024-04-29",,,,
"US10scot039","SCOTTSBLUFF 1.5 NE, NE US","2024-04-30",,,,
"US10scot039","SCOTTSBLUFF 1.5 NE, NE US","2024-05-01",,,,
"US10scot039","SCOTTSBLUFF 1.5 NE, NE US","2024-05-02",,,,
"US10scot039","SCOTTSBLUFF 1.5 NE, NE US","2024-05-03",,,,
"US10scot039","SCOTTSBLUFF 1.5 NE, NE US","2024-05-04",,,,
"US10scot039","SCOTTSBLUFF 1.5 NE, NE US","2024-05-05",,,,
"US10scot039","SCOTTSBLUFF 1.5 NE, NE US","2024-05-07",,,,
"US10scot039","SCOTTSBLUFF 1.5 NE, NE US","2024-05-08",,,,
"US10scot039","SCOTTSBLUFF 1.5 NE, NE US","2024-05-09",,,,
"US10scot039","SCOTTSBLUFF 1.5 NE, NE US","2024-05-10",,,,
"US10scot039","SCOTTSBLUFF 1.5 NE, NE US","2024-05-11",,,,
"US10scot039","SCOTTSBLUFF 1.5 NE, NE US","2024-05-12",,,,
"US10scot039","SCOTTSBLUFF 1.5 NE, NE US","2024-05-13",,,,
"US10scot039","SCOTTSBLUFF 1.5 NE, NE US","2024-05-14",,,,
"US10scot039","SCOTTSBLUFF 1.5 NE, NE US","2024-05-15",,,,
"US10scot039","SCOTTSBLUFF 1.5 NE, NE US","2024-05-16",,,,
"US10scot039","SCOTTSBLUFF 1.5 NE, NE US","2024-05-17",,,,
"US10scot039","SCOTTSBLUFF 1.5 NE, NE US","2024-05-18",,,,
"US10scot039","SCOTTSBLUFF 1.5 NE, NE US","2024-05-19",,,,
"US10scot039","SCOTTSBLUFF 1.5 NE, NE US","2024-06-12",,,,
"US10scot039","SCOTTSBLUFF 1.5 NE, NE US","2024-06-13",,,,
"US10scot039","SCOTTSBLUFF 1.5 NE, NE US","2024-06-14",,,,
"US10scot039","SCOTTSBLUFF 1.5 NE, NE US","2024-06-15",,,,
"US10scot039","SCOTTSBLUFF 1.5 NE, NE US","2024-06-16",,,,
"US10scot039","SCOTTSBLUFF 1.5 NE, NE US","2024-06-17",,,,
"US10scot039","SCOTTSBLUFF 1.5 NE, NE US","2024-06-18",,,,
"US10scot039","SCOTTSBLUFF 1.5 NE, NE US","2024-06-19",,,,
"US10scot039","SCOTTSBLUFF 1.5 NE, NE US","2024-06-20",,,,
"US10scot039","SCOTTSBLUFF 1.5 NE, NE US","2024-06-21",,,,
"US10scot039","SCOTTSBLUFF 1.5 NE, NE US","2024-06-22",,,,
"US10scot039","SCOTTSBLUFF 1.5 NE, NE US","2024-06-23",,,,
"US10scot039","SCOTTSBLUFF 1.5 NE, NE US","2024-06-24",,,,
"US10scot039","SCOTTSBLUFF 1.5 NE, NE US","2024-06-25",,,,
"US10scot039","SCOTTSBLUFF 1.5 NE, NE US","2024-06-26",,,,
"US10scot039","SCOTTSBLUFF 1.5 NE, NE US","2024-06-27",,,,
"US10scot039","SCOTTSBLUFF 1.5 NE, NE US","2024-06-28",,,,
"US10scot039","SCOTTSBLUFF 1.5 NE, NE US","2024-06-29",,,,
"US10scot039","SCOTTSBLUFF 1.5 NE, NE US","2024-06-30",,,,
"US10scot039","SCOTTSBLUFF 1.5 NE, NE US","2024-07-03",,,,
"US10scot039","SCOTTSBLUFF 1.5 NE, NE US","2024-07-04",,,,
"US10scot039","SCOTTSBLUFF 1.5 NE, NE US","2024-07-05",,,,
"US10scot039","SCOTTSBLUFF 1.5 NE, NE US","2024-07-06",,,,
"US10scot039","SCOTTSBLUFF 1.5 NE, NE US","2024-07-07",,,,
"US10scot039","SCOTTSBLUFF 1.5 NE, NE US","2024-07-08",,,,
"US10scot039","SCOTTSBLUFF 1.5 NE, NE US","2024-07-09",,,,
"US10scot039","SCOTTSBLUFF 1.5 NE, NE US","2024-07-10",,,,
"US10scot039","SCOTTSBLUFF 1.5 NE, NE US","2024-07-11",,,,
"US10scot039","SCOTTSBLUFF 1.5 NE, NE US","2024-07-12",,,,
"US10scot039","SCOTTSBLUFF 1.5 NE, NE US","2024-07-13",,,,
"US10scot039","SCOTTSBLUFF 1.5 NE, NE US","2024-07-14",,,,
"US10scot039","SCOTTSBLUFF 1.5 NE, NE US","2024-07-15",,,,
"US10scot039","SCOTTSBLUFF 1.5 NE, NE US","2024-07-16",,,,
"US10scot039","SCOTTSBLUFF 1.5 NE, NE US","2024-07-17",,,,
"US10scot039","SCOTTSBLUFF 1.5 NE, NE US","2024-07-18",,,,
"US10scot039","SCOTTSBLUFF 1.5 NE, NE US","2024-07-19",,,,
"US10scot039","SCOTTSBLUFF 1.5 NE, NE US","2024-07-20",,,,
"US10scot039","SCOTTSBLUFF 1.5 NE, NE US","2024-07-21",,,,
"US10scot039","SCOTTSBLUFF 1.5 NE, NE US","2024-07-22",,,,
"US10scot039","SCOTTSBLUFF 1.5 NE, NE US","2024-07-23",,,,
"US10scot039","SCOTTSBLUFF 1.5 NE, NE US","2024-07-24",,,,
"US10scot039","SCOTTSBLUFF 1.5 NE, NE US","2024-07-25",,,,
"US10scot039","SCOTTSBLUFF 1.5 NE, NE US","2024-07-26",,,,
"US10scot039","SCOTTSBLUFF 1.5 NE, NE US","2024-07-27",,,,
"US10scot039","SCOTTSBLUFF 1.5 NE, NE US","2024-07-28",,,,
"US10scot039","SCOTTSBLUFF 1.5 NE, NE US","2024-07-29",,,,
"US10scot039","SCOTTSBLUFF 1.5 NE, NE US","2024-07-30",,,,
"US10scot039","SCOTTSBLUFF 1.5 NE, NE US","2024-07-31",,,,
"US10scot039","SCOTTSBLUFF 1.5 NE, NE US","2024-08-01",,,,
"US10scot039","SCOTTSBLUFF 1.5 NE, NE US","2024-08-02",,,,
"US10scot039","SCOTTSBLUFF 1.5 NE, NE US","2024-08-03",,,,
"US10scot039","SCOTTSBLUFF 1.5 NE, NE US","2024-08-04",,,,
"US10scot039","SCOTTSBLUFF 1.5 NE, NE US","2024-08-05",,,,
"US10scot039","SCOTTSBLUFF 1.5 NE, NE US","2024-08-06",,,,
"US10scot039","SCOTTSBLUFF 1.5 NE, NE US","2024-08-07",,,,
"US10scot039","SCOTTSBLUFF 1.5 NE, NE US","2024-08-08",,,,
"US10scot039","SCOTTSBLUFF 1.5 NE, NE US","2024-08-09",,,,
"US10scot039","SCOTTSBLUFF 1.5 NE, NE US","2024-08-10",,,,
"US10scot039","SCOTTSBLUFF 1.5 NE, NE US","2024-08-11",,,,
"US10scot039","SCOTTSBLUFF 1.5 NE, NE US","2024-08-12",,,,
"US10scot039","SCOTTSBLUFF 1.5 NE, NE US","2024-08-13",,,,
"US10scot039","SCOTTSBLUFF 1.5 NE, NE US","2024-08-14",,,,
"US10scot039","SCOTTSBLUFF 1.5 NE, NE US","2024-08-23",,,,
"US10scot039","SCOTTSBLUFF 1.5 NE, NE US","2024-08-24",,,,
"US10scot039","SCOTTSBLUFF 1.5 NE, NE US","2024-08-25",,,,
"US10scot039","SCOTTSBLUFF 1.5 NE, NE US","2024-08-26",,,,
"US10scot039","SCOTTSBLUFF 1.5 NE, NE US","2024-09-09",,,,
"US10scot039","SCOTTSBLUFF 1.5 NE, NE US","2024-09-10",,,,
"US10scot039","SCOTTSBLUFF 1.5 NE, NE US","2024-09-11",,,,
"US10scot039","SCOTTSBLUFF 1.5 NE, NE US","2024-09-12",,,,
"US10scot039","SCOTTSBLUFF 1.5 NE, NE US","2024-09-13",,,,
"US10scot039","SCOTTSBLUFF 1.5 NE, NE US","2024-09-14",,,,
"US10scot039","SCOTTSBLUFF 1.5 NE, NE US","2024-09-15",,,,
"US10scot039","SCOTTSBLUFF 1.5 NE, NE US","2024-09-16",,,,
"US10scot039","SCOTTSBLUFF 1.5 NE, NE US","2024-09-17",,,,
"US10scot039","SCOTTSBLUFF 1.5 NE, NE US","2024-09-18",,,,
"US10scot039","SCOTTSBLUFF 1.5 NE, NE US","2024-09-19",,,,
"US10scot039","SCOTTSBLUFF 1.5 NE, NE US","2024-09-20",,,,
"US10scot039","SCOTTSBLUFF 1.5 NE, NE US","2024-09-21",,,,
"US10scot039","SCOTTSBLUFF 1.5 NE, NE US","2024-09-22",,,,
"US10scot039","SCOTTSBLUFF 1.5 NE, NE US","2024-09-23",,,,
"US10scot039","SCOTTSBLUFF 1.5 NE, NE US","2024-09-24",,,,
"US10scot039","SCOTTSBLUFF 1.5 NE, NE US","2024-09-25",,,,
"US10scot039","SCOTTSBLUFF 1.5 NE, NE US","2024-09-26",,,,
"US10scot039","SCOTTSBLUFF 1.5 NE, NE US","2024-10-04",,,,
"US10scot039","SCOTTSBLUFF 1.5 NE, NE US","2024-10-05",,,,
"US10scot039","SCOTTSBLUFF 1.5 NE, NE US","2024-10-06",,,,
"US10scot039","SCOTTSBLUFF 1.5 NE, NE US","2024-10-07",,,,
"US10scot039","SCOTTSBLUFF 1.5 NE, NE US","2024-10-08",,,,
"US10scot039","SCOTTSBLUFF 1.5 NE, NE US","2024-10-09",,,,
"US10scot039","SCOTTSBLUFF 1.5 NE, NE US","2024-10-10",,,,
"US10scot039","SCOTTSBLUFF 1.5 NE, NE US","2024-10-11",,,,
"US10scot039","SCOTTSBLUFF 1.5 NE, NE US","2024-10-12",,,,
"US10scot039","SCOTTSBLUFF 1.5 NE, NE US","2024-10-13",,,,
"US10scot039","SCOTTSBLUFF 1.5 NE, NE US","2024-10-14",,,,
"US10scot039","SCOTTSBLUFF 1.5 NE, NE US","2024-10-15",,,,
"US10scot039","SCOTTSBLUFF 1.5 NE, NE US","2024-10-16",,,,
"US10scot039","SCOTTSBLUFF 1.5 NE, NE US","2024-10-17",,,,
"US10scot039","SCOTTSBLUFF 1.5 NE, NE US","2024-10-18",,,,
"US10scot039","SCOTTSBLUFF 1.5 NE, NE US","2024-10-19",,,,
"US10scot039","SCOTTSBLUFF 1.5 NE, NE US","2024-10-20",,,,
"US10scot039","SCOTTSBLUFF 1.5 NE, NE US","2024-10-21",,,,
"US10scot039","SCOTTSBLUFF 1.5 NE, NE US","2024-10-22",,,,
"US10scot039","SCOTTSBLUFF 1.5 NE, NE US","2024-10-23",,,,
"US10scot039","SCOTTSBLUFF 1.5 NE, NE US","2024-10-24",,,,
"US10scot039","SCOTTSBLUFF 1.5 NE, NE US","2024-10-25",,,,
"US10scot039","SCOTTSBLUFF 1.5 NE, NE US","2024-10-26",,,,
"US10scot039","SCOTTSBLUFF 1.5 NE, NE US","2024-10-27",,,,
"US10scot039","SCOTTSBLUFF 1.5 NE, NE US","2024-10-28",,,,
"US10scot039","SCOTTSBLUFF 1.5 NE, NE US","2024-10-29",,,,
"US10scot039","SCOTTSBLUFF 1.5 NE, NE US","2024-10-30",,,,
"US10scot039","SCOTTSBLUFF 1.5 NE, NE US","2024-10-31",,,,
"US10scot039","SCOTTSBLUFF 1.5 NE, NE US","2024-11-01",,,,
"US10scot039","SCOTTSBLUFF 1.5 NE, NE US","2024-11-02",,,,
"US10scot039","SCOTTSBLUFF 1.5 NE, NE US","2024-11-03",,,,
"US10scot039","SCOTTSBLUFF 1.5 NE, NE US","2024-11-04",,,,
"US10scot039","SCOTTSBLUFF 1.5 NE, NE US","2024-11-05",,,,
"US10scot039","SCOTTSBLUFF 1.5 NE, NE US","2024-11-06",,,,
"US10scot039","SCOTTSBLUFF 1.5 NE, NE US","2024-11-07",,,,
"US10scot039","SCOTTSBLUFF 1.5 NE, NE US","2024-11-08",,,,
"US10scot039","SCOTTSBLUFF 1.5 NE, NE US","2025-03-01",,,,
"US10scot039","SCOTTSBLUFF 1.5 NE, NE US","2025-03-02",,,,
"US10scot039","SCOTTSBLUFF 1.5 NE, NE US","2025-03-03",,,,
"US10scot039","SCOTTSBLUFF 1.5 NE, NE US","2025-03-04",,,,
"US10scot039","SCOTTSBLUFF 1.5 NE, NE US","2025-03-05",,,,
"US10scot039","SCOTTSBLUFF 1.5 NE, NE US","2025-03-06",,,,
"US10scot039","SCOTTSBLUFF 1.5 NE, NE US","2025-03-07",,,,
"US10scot039","SCOTTSBLUFF 1.5 NE, NE US","2025-03-08",,,,
"US10scot039","SCOTTSBLUFF 1.5 NE, NE US","2025-03-09",,,,
"US10scot039","SCOTTSBLUFF 1.5 NE, NE US","2025-03-10",,,,
"US10scot039","SCOTTSBLUFF 1.5 NE, NE US","2025-03-11",,,,
"US10scot039","SCOTTSBLUFF 1.5 NE, NE US","2025-03-12",,,,
"US10scot039","SCOTTSBLUFF 1.5 NE, NE US","2025-03-13",,,,
"US10scot039","SCOTTSBLUFF 1.5 NE, NE US","2025-03-14",,,,
"US10scot039","SCOTTSBLUFF 1.5 NE, NE US","2025-03-15",,,,
"US10scot039","SCOTTSBLUFF 1.5 NE, NE US","2025-03-16",,,,
"US10scot039","SCOTTSBLUFF 1.5 NE, NE US","2025-03-17",,,,
"US10scot039","SCOTTSBLUFF 1.5 NE, NE US","2025-03-18",,,,
"US10scot039","SCOTTSBLUFF 1.5 NE, NE US","2025-03-19",,,,
"US10scot039","SCOTTSBLUFF 1.5 NE, NE US","2025-03-20",,,,
"US10scot039","SCOTTSBLUFF 1.5 NE, NE US","2025-03-21",,,,
"US10scot039","SCOTTSBLUFF 1.5 NE, NE US","2025-03-22",,,,
"US10scot039","SCOTTSBLUFF 1.5 NE, NE US","2025-03-23",,,,
"US10scot039","SCOTTSBLUFF 1.5 NE, NE US","2025-03-24",,,,
"US10scot039","SCOTTSBLUFF 1.5 NE, NE US","2025-03-25",,,,
"US10scot039","SCOTTSBLUFF 1.5 NE, NE US","2025-03-26",,,,
"US10scot039","SCOTTSBLUFF 1.5 NE, NE US","2025-03-27",,,,
"US10scot039","SCOTTSBLUFF 1.5 NE, NE US","2025-03-28",,,,
"US10scot039","SCOTTSBLUFF 1.5 NE, NE US","2025-03-29",,,,
"US1NESB0019","SCOTTSBLUFF 1.2 WSW, NE US","2024-04-19",,,,
"US1NESB0019","SCOTTSBLUFF 1.2 WSW, NE US","2024-04-20",,,,
"US1NESB0019","SCOTTSBLUFF 1.2 WSW, NE US","2024-04-21",,,,
"US1NESB0019","SCOTTSBLUFF 1.2 WSW, NE US","2024-04-22",,,,
"US1NESB0019","SCOTTSBLUFF 1.2 WSW, NE US","2024-04-23",,,,
"US1NESB0019","SCOTTSBLUFF 1.2 WSW, NE US","2024-04-24",,,,
"US1NESB0019","SCOTTSBLUFF 1.2 WSW, NE US","2024-04-25",,,,
"US1NESB0019","SCOTTSBLUFF 1.2 WSW, NE US","2024-04-26",,,,
"US1NESB0019","SCOTTSBLUFF 1.2 WSW, NE US","2024-04-27",,,,
"US1NESB0019","SCOTTSBLUFF 1.2 WSW, NE US","2024-04-28",,,,
"US1NESB0019","SCOTTSBLUFF 1.2 WSW, NE US","2024-04-29",,,,
"US1NESB0019","SCOTTSBLUFF 1.2 WSW, NE US","2024-04-30",,,,
"US1NESB0019","SCOTTSBLUFF 1.2 WSW, NE US","2024-05-01",,,,
"US1NESB0019","SCOTTSBLUFF 1.2 WSW, NE US","2024-05-02",,,,
"US1NESB0019","SCOTTSBLUFF 1.2 WSW, NE US","2024-05-03",,,,
"US1NESB0019","SCOTTSBLUFF 1.2 WSW, NE US","2024-05-04",,,,
"US1NESB0019","SCOTTSBLUFF 1.2 WSW, NE US","2024-05-05",,,,
"US1NESB0019","SCOTTSBLUFF 1.2 WSW, NE US","2024-05-06",,,,
"US1NESB0019","SCOTTSBLUFF 1.2 WSW, NE US","2024-05-07",,,,
"US1NESB0019","SCOTTSBLUFF 1.2 WSW, NE US","2024-05-08",,,,
"US1NESB0019","SCOTTSBLUFF 1.2 WSW, NE US","2024-05-09",,,,
"US1NESB0019","SCOTTSBLUFF 1.2 WSW, NE US","2024-05-10",,,,
"US1NESB0019","SCOTTSBLUFF 1.2 WSW, NE US","2024-05-11",,,,
"US1NESB0019","SCOTTSBLUFF 1.2 WSW, NE US","2024-05-12",,,,
"US1NESB0019","SCOTTSBLUFF 1.2 WSW, NE US","2024-05-13",,,,
"US1NESB0019","SCOTTSBLUFF 1.2 WSW, NE US","2024-05-14",,,,
"US1NESB0019","SCOTTSBLUFF 1.2 WSW, NE US","2024-05-15",,,,
"US1NESB0019","SCOTTSBLUFF 1.2 WSW, NE US","2024-05-16",,,,
"US1NESB0019","SCOTTSBLUFF 1.2 WSW, NE US","2024-05-17",,,,
"US1NESB0019","SCOTTSBLUFF 1.2 WSW, NE US","2024-05-18",,,,
"US1NESB0019","SCOTTSBLUFF 1.2 WSW, NE US","2024-05-19",,,,
"US1NESB0019","SCOTTSBLUFF 1.2 WSW, NE US","2024-05-20",,,,
"US1NESB0019","SCOTTSBLUFF 1.2 WSW, NE US","2024-05-21",,,,
"US1NESB0019","SCOTTSBLUFF 1.2 WSW, NE US","2024-05-22",,,,
"US1NESB0019","SCOTTSBLUFF 1.2 WSW, NE US","2024-05-23",,,,
"US1NESB0019","SCOTTSBLUFF 1.2 WSW, NE US","2024-05-24",,,,
"US1NESB0019","SCOTTSBLUFF 1.2 WSW, NE US","2024-05-25",,,,
"US1NESB0019","SCOTTSBLUFF 1.2 WSW, NE US","2024-05-26",,,,
"US1NESB0019","SCOTTSBLUFF 1.2 WSW, NE US","2024-05-27",,,,
"US1NESB0019","SCOTTSBLUFF 1.2 WSW, NE US","2024-05-28",,,,
"US1NESB0019","SCOTTSBLUFF 1.2 WSW, NE US","2024-05-29",,,,
"US1NESB0019","SCOTTSBLUFF 1.2 WSW, NE US","2024-05-30",,,,
"US1NESB0019","SCOTTSBLUFF 1.2 WSW, NE US","2024-05-31",,,,
"US1NESB0019","SCOTTSBLUFF 1.2 WSW, NE US","2024-06-01",,,,
"US1NESB0019","SCOTTSBLUFF 1.2 WSW, NE US","2024-06-02",,,,
"US1NESB0019","SCOTTSBLUFF 1.2 WSW, NE US","2024-06-03",,,,
"US1NESB0019","SCOTTSBLUFF 1.2 WSW, NE US","2024-06-04",,,,
"US1NESB0019","SCOTTSBLUFF 1.2 WSW, NE US","2024-06-05",,,,
"US1NESB0019","SCOTTSBLUFF 1.2 WSW, NE US","2024-06-06",,,,
"US1NESB0019","SCOTTSBLUFF 1.2 WSW, NE US","2024-06-07",,,,
"US1NESB0019","SCOTTSBLUFF 1.2 WSW, NE US","2024-06-08",,,,
"US1NESB0019","SCOTTSBLUFF 1.2 WSW, NE US","2024-06-09",,,,
"US1NESB0019","SCOTTSBLUFF 1.2 WSW, NE US","2024-06-10",,,,
"US1NESB0019","SCOTTSBLUFF 1.2 WSW, NE US","2024-06-11",,,,
"US1NESB0019","SCOTTSBLUFF 1.2 WSW, NE US","2024-06-12",,,,
"US1NESB0019","SCOTTSBLUFF 1.2 WSW, NE US","2024-06-13",,,,
"US1NESB0019","SCOTTSBLUFF 1.2 WSW, NE US","2024-06-14",,,,
"US1NESB0019","SCOTTSBLUFF 1.2 WSW, NE US","2024-06-15",,,,
"US1NESB0019","SCOTTSBLUFF 1.2 WSW, NE US","2024-06-16",,,,
"US1NESB0019","SCOTTSBLUFF 1.2 WSW, NE US","2024-06-17",,,,
"US1NESB0019","SCOTTSBLUFF 1.2 WSW, NE US","2024-06-18",,,,
"US1NESB0019","SCOTTSBLUFF 1.2 WSW, NE US","2024-06-19",,,,
"US1NESB0019","SCOTTSBLUFF 1.2 WSW, NE US","2024-06-20",,,,
"US1NESB0019","SCOTTSBLUFF 1.2 WSW, NE US","2024-06-21",,,,
"US1NESB0019","SCOTTSBLUFF 1.2 WSW, NE US","2024-06-22",,,,
"US1NESB0019","SCOTTSBLUFF 1.2 WSW, NE US","2024-06-23",,,,
"US1NESB0019","SCOTTSBLUFF 1.2 WSW, NE US","2024-06-24",,,,
"US1NESB0019","SCOTTSBLUFF 1.2 WSW, NE US","2024-06-25",,,,
"US1NESB0019","SCOTTSBLUFF 1.2 WSW, NE US","2024-06-26",,,,
"US1NESB0019","SCOTTSBLUFF 1.2 WSW, NE US","2024-06-27",,,,
"US1NESB0019","SCOTTSBLUFF 1.2 WSW, NE US","2024-06-28",,,,
"US1NESB0019","SCOTTSBLUFF 1.2 WSW, NE US","2024-06-29",,,,
"US1NESB0019","SCOTTSBLUFF 1.2 WSW, NE US","2024-06-30",,,,
"US1NESB0019","SCOTTSBLUFF 1.2 WSW, NE US","2024-07-01",,,,
"US1NESB0019","SCOTTSBLUFF 1.2 WSW, NE US","2024-07-02",,,,
"US1NESB0019","SCOTTSBLUFF 1.2 WSW, NE US","2024-07-03",,,,
"US1NESB0019","SCOTTSBLUFF 1.2 WSW, NE US","2024-07-04",,,,
"US1NESB0019","SCOTTSBLUFF 1.2 WSW, NE US","2024-07-05",,,,
"US1NESB0019","SCOTTSBLUFF 1.2 WSW, NE US","2024-07-06",,,,
"US1NESB0019","SCOTTSBLUFF 1.2 WSW, NE US","2024-07-07",,,,
"US1NESB0019","SCOTTSBLUFF 1.2 WSW, NE US","2024-07-08",,,,
"US1NESB0019","SCOTTSBLUFF 1.2 WSW, NE US","2024-07-09",,,,
"US1NESB0019","SCOTTSBLUFF 1.2 WSW, NE US","2024-07-10",,,,
"US1NESB0019","SCOTTSBLUFF 1.2 WSW, NE US","2024-07-11",,,,
"US1NESB0019","SCOTTSBLUFF 1.2 WSW, NE US","2024-07-12",,,,
"US1NESB0019","SCOTTSBLUFF 1.2 WSW, NE US","2024-07-13",,,,
"US1NESB0019","SCOTTSBLUFF 1.2 WSW, NE US","2024-07-14",,,,
"US1NESB0019","SCOTTSBLUFF 1.2 WSW, NE US","2024-07-15",,,,
"US1NESB0019","SCOTTSBLUFF 1.2 WSW, NE US","2024-07-16",,,,
"US1NESB0019","SCOTTSBLUFF 1.2 WSW, NE US","2024-07-17",,,,
"US1NESB0019","SCOTTSBLUFF 1.2 WSW, NE US","2024-07-18",,,,
"US1NESB0019","SCOTTSBLUFF 1.2 WSW, NE US","2024-07-19",,,,
"US1NESB0019","SCOTTSBLUFF 1.2 WSW, NE US","2024-07-20",,,,
"US1NESB0019","SCOTTSBLUFF 1.2 WSW, NE US","2024-07-21",,,,
"US1NESB0019","SCOTTSBLUFF 1.2 WSW, NE US","2024-07-22",,,,
"US1NESB0019","SCOTTSBLUFF 1.2 WSW, NE US","2024-07-23",,,,
"US1NESB0019","SCOTTSBLUFF 1.2 WSW, NE US","2024-07-24",,,,
"US1NESB0019","SCOTTSBLUFF 1.2 WSW, NE US","2024-07-25",,,,
"US1NESB0019","SCOTTSBLUFF 1.2 WSW, NE US","2024-07-26",,,,
"US1NESB0019","SCOTTSBLUFF 1.2 WSW, NE US","2024-07-27",,,,
"US1NESB0019","SCOTTSBLUFF 1.2 WSW, NE US","2024-07-28",,,,
"US1NESB0019","SCOTTSBLUFF 1.2 WSW, NE US","2024-07-29",,,,
"US1NESB0019","SCOTTSBLUFF 1.2 WSW, NE US","2024-07-30",,,,
"US1NESB0019","SCOTTSBLUFF 1.2 WSW, NE US","2024-07-31",,,,
"US1NESB0019","SCOTTSBLUFF 1.2 WSW, NE US","2024-08-01",,,,
"US1NESB0019","SCOTTSBLUFF 1.2 WSW, NE US","2024-08-02",,,,
"US1NESB0019","SCOTTSBLUFF 1.2 WSW, NE US","2024-08-03",,,,
"US1NESB0019","SCOTTSBLUFF 1.2 WSW, NE US","2024-08-04",,,,
"US1NESB0019","SCOTTSBLUFF 1.2 WSW, NE US","2024-08-05",,,,
"US1NESB0019","SCOTTSBLUFF 1.2 WSW, NE US","2024-08-06",,,,
"US1NESB0019","SCOTTSBLUFF 1.2 WSW, NE US","2024-08-07",,,,
"US1NESB0019","SCOTTSBLUFF 1.2 WSW, NE US","2024-08-08",,,,
"US1NESB0019","SCOTTSBLUFF 1.2 WSW, NE US","2024-08-09",,,,
"US1NESB0019","SCOTTSBLUFF 1.2 WSW, NE US","2024-08-10",,,,
"US1NESB0019","SCOTTSBLUFF 1.2 WSW, NE US","2024-08-11",,,,
"US1NESB0019","SCOTTSBLUFF 1.2 WSW, NE US","2024-08-12",,,,
"US1NESB0019","SCOTTSBLUFF 1.2 WSW, NE US","2024-08-13",,,,
"US1NESB0019","SCOTTSBLUFF 1.2 WSW, NE US","2024-08-14",,,,
"US1NESB0019","SCOTTSBLUFF 1.2 WSW, NE US","2024-08-15",,,,
"US1NESB0019","SCOTTSBLUFF 1.2 WSW, NE US","2024-08-16",,,,
"US1NESB0019","SCOTTSBLUFF 1.2 WSW, NE US","2024-08-17",,,,
"US1NESB0019","SCOTTSBLUFF 1.2 WSW, NE US","2024-08-18",,,,
"US1NESB0019","SCOTTSBLUFF 1.2 WSW, NE US","2024-08-19",,,,
"US1NESB0019","SCOTTSBLUFF 1.2 WSW, NE US","2024-08-20",,,,
"US1NESB0019","SCOTTSBLUFF 1.2 WSW, NE US","2024-08-21",,,,
"US1NESB0019","SCOTTSBLUFF 1.2 WSW, NE US","2024-08-22",,,,
"US1NESB0019","SCOTTSBLUFF 1.2 WSW, NE US","2024-08-23",,,,
"US1NESB0019","SCOTTSBLUFF 1.2 WSW, NE US","2024-08-24",,,,
"US1NESB0019","SCOTTSBLUFF 1.2 WSW, NE US","2024-08-25",,,,
"US1NESB0019","SCOTTSBLUFF 1.2 WSW, NE US","2024-08-26",,,,
"US1NESB0019","SCOTTSBLUFF 1.2 WSW, NE US","2024-08-27",,,,
"US1NESB0019","SCOTTSBLUFF 1.2 WSW, NE US","2024-08-28",,,,
"US1NESB0019","SCOTTSBLUFF 1.2 WSW, NE US","2024-08-29",,,,
"US1NESB0019","SCOTTSBLUFF 1.2 WSW, NE US","2024-08-30",,,,
"US1NESB0019","SCOTTSBLUFF 1.2 WSW, NE US","2024-08-31",,,,
"US1NESB0019","SCOTTSBLUFF 1.2 WSW, NE US","2024-09-01",,,,
"US1NESB0019","SCOTTSBLUFF 1.2 WSW, NE US","2024-09-02",,,,
"US1NESB0019","SCOTTSBLUFF 1.2 WSW, NE US","2024-09-03",,,,
"US1NESB0019","SCOTTSBLUFF 1.2 WSW, NE US","2024-09-04",,,,
"US1NESB0019","SCOTTSBLUFF 1.2 WSW, NE US","2024-09-05",,,,
"US1NESB0019","SCOTTSBLUFF 1.2 WSW, NE US","2024-09-06",,,,
"US1NESB0019","SCOTTSBLUFF 1.2 WSW, NE US","2024-09-07",,,,
"US1NESB0019","SCOTTSBLUFF 1.2 WSW, NE US","2024-09-08",,,,
"US1NESB0019","SCOTTSBLUFF 1.2 WSW, NE US","2024-09-09",,,,
"US1NESB0019","SCOTTSBLUFF 1.2 WSW, NE US","2024-09-10",,,,
"US1NESB0019","SCOTTSBLUFF 1.2 WSW, NE US","2024-09-11",,,,
"US1NESB0019","SCOTTSBLUFF 1.2 WSW, NE US","2024-09-12",,,,
"US1NESB0019","SCOTTSBLUFF 1.2 WSW, NE US","2024-09-13",,,,
"US1NESB0019","SCOTTSBLUFF 1.2 WSW, NE US","2024-09-14",,,,
"US1NESB0019","SCOTTSBLUFF 1.2 WSW, NE US","2024-09-15",,,,
"US1NESB0019","SCOTTSBLUFF 1.2 WSW, NE US","2024-09-16",,,,
"US1NESB0019","SCOTTSBLUFF 1.2 WSW, NE US","2024-09-17",,,,
"US1NESB0019","SCOTTSBLUFF 1.2 WSW, NE US","2024-09-18",,,,
"US1NESB0019","SCOTTSBLUFF 1.2 WSW, NE US","2024-09-19",,,,
"US1NESB0019","SCOTTSBLUFF 1.2 WSW, NE US","2024-09-20",,,,
"US1NESB0019","SCOTTSBLUFF 1.2 WSW, NE US","2024-09-21",,,,
"US1NESB0019","SCOTTSBLUFF 1.2 WSW, NE US","2024-09-22",,,,
"US1NESB0019","SCOTTSBLUFF 1.2 WSW, NE US","2024-09-23",,,,
"US1NESB0019","SCOTTSBLUFF 1.2 WSW, NE US","2024-09-24",,,,
"US1NESB0019","SCOTTSBLUFF 1.2 WSW, NE US","2024-09-25",,,,
"US1NESB0019","SCOTTSBLUFF 1.2 WSW, NE US","2024-09-26",,,,
"US1NESB0019","SCOTTSBLUFF 1.2 WSW, NE US","2024-09-27",,,,
"US1NESB0019","SCOTTSBLUFF 1.2 WSW, NE US","2024-09-28",,,,
"US1NESB0019","SCOTTSBLUFF 1.2 WSW, NE US","2024-09-29",,,,
"US1NESB0019","SCOTTSBLUFF 1.2 WSW, NE US","2024-09-30",,,,
"US1NESB0019","SCOTTSBLUFF 1.2 WSW, NE US","2024-10-01",,,,
"US1NESB0019","SCOTTSBLUFF 1.2 WSW, NE US","2024-10-02",,,,
"US1NESB0019","SCOTTSBLUFF 1.2 WSW, NE US","2024-10-03",,,,
"US1NESB0019","SCOTTSBLUFF 1.2 WSW, NE US","2024-10-04",,,,
"US1NESB0019","SCOTTSBLUFF 1.2 WSW, NE US","2024-10-05",,,,
"US1NESB0019","SCOTTSBLUFF 1.2 WSW, NE US","2024-10-06",,,,
"US1NESB0019","SCOTTSBLUFF 1.2 WSW, NE US","2024-10-07",,,,
"US1NESB0019","SCOTTSBLUFF 1.2 WSW, NE US","2024-10-08",,,,
"US1NESB0019","SCOTTSBLUFF 1.2 WSW, NE US","2024-10-09",,,,
"US1NESB0019","SCOTTSBLUFF 1.2 WSW, NE US","2024-10-10",,,,
"US1NESB0019","SCOTTSBLUFF 1.2 WSW, NE US","2024-10-11",,,,
"US1NESB0019","SCOTTSBLUFF 1.2 WSW, NE US","2024-10-12",,,,
"US1NESB0019","SCOTTSBLUFF 1.2 WSW, NE US","2024-10-13",,,,
"US1NESB0019","SCOTTSBLUFF 1.2 WSW, NE US","2024-10-14",,,,
"US1NESB0019","SCOTTSBLUFF 1.2 WSW, NE US","2024-10-15",,,,
"US1NESB0019","SCOTTSBLUFF 1.2 WSW, NE US","2024-10-16",,,,
"US1NESB0019","SCOTTSBLUFF 1.2 WSW, NE US","2024-10-17",,,,
"US1NESB0019","SCOTTSBLUFF 1.2 WSW, NE US","2024-10-18",,,,
"US1NESB0019","SCOTTSBLUFF 1.2 WSW, NE US","2024-10-19",,,,
"US1NESB0019","SCOTTSBLUFF 1.2 WSW, NE US","2024-10-20",,,,
"US1NESB0019","SCOTTSBLUFF 1.2 WSW, NE US","2024-10-21",,,,
"US1NESB0019","SCOTTSBLUFF 1.2 WSW, NE US","2024-10-22",,,,
"US1NESB0019","SCOTTSBLUFF 1.2 WSW, NE US","2024-10-23",,,,
"US1NESB0019","SCOTTSBLUFF 1.2 WSW, NE US","2024-10-24",,,,
"US1NESB0019","SCOTTSBLUFF 1.2 WSW, NE US","2024-10-25",,,,
"US1NESB0019","SCOTTSBLUFF 1.2 WSW, NE US","2024-10-26",,,,
"US1NESB0019","SCOTTSBLUFF 1.2 WSW, NE US","2024-10-27",,,,
"US1NESB0019","SCOTTSBLUFF 1.2 WSW, NE US","2024-10-28",,,,
"US1NESB0019","SCOTTSBLUFF 1.2 WSW, NE US","2024-10-29",,,,
"US1NESB0019","SCOTTSBLUFF 1.2 WSW, NE US","2024-10-30",,,,
"US1NESB0019","SCOTTSBLUFF 1.2 WSW, NE US","2024-10-31",,,,
"US1NESB0019","SCOTTSBLUFF 1.2 WSW, NE US","2024-11-01",,,,
"US1NESB0019","SCOTTSBLUFF 1.2 WSW, NE US","2024-11-02",,,,
"US1NESB0019","SCOTTSBLUFF 1.2 WSW, NE US","2024-11-03",,,,
"US1NESB0019","SCOTTSBLUFF 1.2 WSW, NE US","2024-11-04",,,,
"US1NESB0019","SCOTTSBLUFF 1.2 WSW, NE US","2024-11-05",,,,
"US1NESB0019","SCOTTSBLUFF 1.2 WSW, NE US","2024-11-06",,,,
"US1NESB0019","SCOTTSBLUFF 1.2 WSW, NE US","2024-11-07",,,,
"US1NESB0019","SCOTTSBLUFF 1.2 WSW, NE US","2024-11-08",,,,
"US1NESB0019","SCOTTSBLUFF 1.2 WSW, NE US","2024-11-09",,,,
"US1NESB0019","SCOTTSBLUFF 1.2 WSW, NE US","2024-11-10",,,,
"US1NESB0019","SCOTTSBLUFF 1.2 WSW, NE US","2024-11-11",,,,
"US1NESB0019","SCOTTSBLUFF 1.2 WSW, NE US","2024-11-12",,,,
"US1NESB0019","SCOTTSBLUFF 1.2 WSW, NE US","2024-11-13",,,,
"US1NESB0019","SCOTTSBLUFF 1.2 WSW, NE US","2024-11-14",,,,
"US1NESB0019","SCOTTSBLUFF 1.2 WSW, NE US","2024-11-15",,,,
"US1NESB0019","SCOTTSBLUFF 1.2 WSW, NE US","2024-11-16",,,,
"US1NESB0019","SCOTTSBLUFF 1.2 WSW, NE US","2024-11-17",,,,
"US1NESB0019","SCOTTSBLUFF 1.2 WSW, NE US","2024-11-18",,,,
"US1NESB0019","SCOTTSBLUFF 1.2 WSW, NE US","2024-11-19",,,,
"US1NESB0019","SCOTTSBLUFF 1.2 WSW, NE US","2024-11-20",,,,
"US1NESB0019","SCOTTSBLUFF 1.2 WSW, NE US","2024-11-21",,,,
"US1NESB0019","SCOTTSBLUFF 1.2 WSW, NE US","2024-11-22",,,,
"US1NESB0019","SCOTTSBLUFF 1.2 WSW, NE US","2024-11-23",,,,
"US1NESB0019","SCOTTSBLUFF 1.2 WSW, NE US","2024-11-24",,,,
"US1NESB0019","SCOTTSBLUFF 1.2 WSW, NE US","2024-11-25",,,,
"US1NESB0019","SCOTTSBLUFF 1.2 WSW, NE US","2024-11-26",,,,
"US1NESB0019","SCOTTSBLUFF 1.2 WSW, NE US","2024-11-27",,,,
"US1NESB0019","SCOTTSBLUFF 1.2 WSW, NE US","2024-11-28",,,,
"US1NESB0019","SCOTTSBLUFF 1.2 WSW, NE US","2024-11-29",,,,
"US1NESB0019","SCOTTSBLUFF 1.2 WSW, NE US","2024-11-30",,,,
"US1NESB0019","SCOTTSBLUFF 1.2 WSW, NE US","2024-12-01",,,,
"US1NESB0019","SCOTTSBLUFF 1.2 WSW, NE US","2024-12-02",,,,
"US1NESB0019","SCOTTSBLUFF 1.2 WSW, NE US","2024-12-03",,,,
"US1NESB0019","SCOTTSBLUFF 1.2 WSW, NE US","2024-12-04",,,,
"US1NESB0019","SCOTTSBLUFF 1.2 WSW, NE US","2024-12-05",,,,
"US1NESB0019","SCOTTSBLUFF 1.2 WSW, NE US","2024-12-06",,,,
"US1NESB0019","SCOTTSBLUFF 1.2 WSW, NE US","2024-12-07",,,,
"US1NESB0019","SCOTTSBLUFF 1.2 WSW, NE US","2024-12-08",,,,
"US1NESB0019","SCOTTSBLUFF 1.2 WSW, NE US","2024-12-09",,,,
"US1NESB0019","SCOTTSBLUFF 1.2 WSW, NE US","2024-12-10",,,,
"US1NESB0019","SCOTTSBLUFF 1.2 WSW, NE US","2024-12-11",,,,
"US1NESB0019","SCOTTSBLUFF 1.2 WSW, NE US","2024-12-12",,,,
"US1NESB0019","SCOTTSBLUFF 1.2 WSW, NE US","2024-12-13",,,,
"US1NESB0019","SCOTTSBLUFF 1.2 WSW, NE US","2024-12-14",,,,
"US1NESB0019","SCOTTSBLUFF 1.2 WSW, NE US","2024-12-15",,,,
"US1NESB0019","SCOTTSBLUFF 1.2 WSW, NE US","2024-12-16",,,,
"US1NESB0019","SCOTTSBLUFF 1.2 WSW, NE US","2024-12-17",,,,
"US1NESB0019","SCOTTSBLUFF 1.2 WSW, NE US","2024-12-18",,,,
"US1NESB0019","SCOTTSBLUFF 1.2 WSW, NE US","2024-12-19",,,,
"US1NESB0019","SCOTTSBLUFF 1.2 WSW, NE US","2024-12-20",,,,
"US1NESB0019","SCOTTSBLUFF 1.2 WSW, NE US","2024-12-21",,,,
"US1NESB0019","SCOTTSBLUFF 1.2 WSW, NE US","2024-12-22",,,,
"US1NESB0019","SCOTTSBLUFF 1.2 WSW, NE US","2024-12-23",,,,
"US1NESB0019","SCOTTSBLUFF 1.2 WSW, NE US","2024-12-24",,,,
"US1NESB0019","SCOTTSBLUFF 1.2 WSW, NE US","2024-12-25",,,,
"US1NESB0019","SCOTTSBLUFF 1.2 WSW, NE US","2024-12-27",,,,
"US1NESB0019","SCOTTSBLUFF 1.2 WSW, NE US","2024-12-29",,,,
"US1NESB0019","SCOTTSBLUFF 1.2 WSW, NE US","2024-12-30",,,,
"US1NESB0019","SCOTTSBLUFF 1.2 WSW, NE US","2025-01-01",,,,
"US1NESB0019","SCOTTSBLUFF 1.2 WSW, NE US","2025-01-02",,,,
"US1NESB0019","SCOTTSBLUFF 1.2 WSW, NE US","2025-01-03",,,,
"US1NESB0019","SCOTTSBLUFF 1.2 WSW, NE US","2025-01-04",,,,
"US1NESB0019","SCOTTSBLUFF 1.2 WSW, NE US","2025-01-05",,,,
"US1NESB0019","SCOTTSBLUFF 1.2 WSW, NE US","2025-01-06",,,,
"US1NESB0019","SCOTTSBLUFF 1.2 WSW, NE US","2025-01-07",,,,
"US1NESB0019","SCOTTSBLUFF 1.2 WSW, NE US","2025-01-08",,,,
"US1NESB0019","SCOTTSBLUFF 1.2 WSW, NE US","2025-01-09",,,,
